-- phpMyAdmin SQL Dump
-- version 5.2.1
-- https://www.phpmyadmin.net/
--
-- 主機： 127.0.0.1
-- 產生時間： 2024 年 07 月 12 日 10:34
-- 伺服器版本： 8.3.0
-- PHP 版本： 8.1.17

SET SQL_MODE = "NO_AUTO_VALUE_ON_ZERO";
START TRANSACTION;
SET time_zone = "+00:00";


/*!40101 SET @OLD_CHARACTER_SET_CLIENT=@@CHARACTER_SET_CLIENT */;
/*!40101 SET @OLD_CHARACTER_SET_RESULTS=@@CHARACTER_SET_RESULTS */;
/*!40101 SET @OLD_COLLATION_CONNECTION=@@COLLATION_CONNECTION */;
/*!40101 SET NAMES utf8mb4 */;

--
-- 資料庫： `Midterm_topic`
--

-- --------------------------------------------------------

--
-- 資料表結構 `CARTITEM`
--

CREATE TABLE `CARTITEM` (
  `cart_item_id` int NOT NULL,
  `cart_id` int DEFAULT NULL,
  `prod_id` int DEFAULT NULL,
  `cart_item_qty` decimal(8,0) DEFAULT NULL,
  `cart_item_total` decimal(8,0) DEFAULT NULL
) ENGINE=InnoDB DEFAULT CHARSET=utf8mb4 COLLATE=utf8mb4_0900_ai_ci COMMENT='購物車項目';

--
-- 傾印資料表的資料 `CARTITEM`
--

INSERT INTO `CARTITEM` (`cart_item_id`, `cart_id`, `prod_id`, `cart_item_qty`, `cart_item_total`) VALUES
(1, 4, 32, 3, 780),
(2, 1, 23, 2, 420),
(3, 8, 17, 1, 340),
(4, 5, 48, 5, 960),
(5, 9, 10, 10, 1000),
(6, 3, 25, 7, 1470),
(7, 7, 14, 3, 630),
(8, 6, 39, 6, 1140),
(9, 10, 41, 2, 420),
(10, 2, 50, 1, 500),
(11, 4, 32, 3, 780),
(12, 1, 23, 2, 420),
(13, 8, 17, 1, 340),
(14, 5, 48, 5, 960),
(15, 9, 10, 10, 1000),
(16, 3, 25, 7, 1470),
(17, 7, 14, 3, 630),
(18, 6, 39, 6, 1140),
(19, 10, 41, 2, 420),
(20, 2, 50, 1, 500);

-- --------------------------------------------------------

--
-- 資料表結構 `CARTLIST`
--

CREATE TABLE `CARTLIST` (
  `cart_id` int NOT NULL,
  `user_id` int DEFAULT NULL,
  `cart_total` decimal(8,0) DEFAULT NULL,
  `cart_pay` int DEFAULT NULL
) ENGINE=InnoDB DEFAULT CHARSET=utf8mb4 COLLATE=utf8mb4_0900_ai_ci COMMENT='購物車列表';

--
-- 傾印資料表的資料 `CARTLIST`
--

INSERT INTO `CARTLIST` (`cart_id`, `user_id`, `cart_total`, `cart_pay`) VALUES
(1, 42, 2300, 1),
(2, 67, 3900, 0),
(3, 19, 1700, 1),
(4, 53, 1100, 0),
(5, 84, 2500, 1),
(6, 98, 3200, 0),
(7, 35, 2900, 1),
(8, 12, 800, 1),
(9, 76, 4000, 0),
(10, 6, 1400, 1);

-- --------------------------------------------------------

--
-- 資料表結構 `ORDERITEM`
--

CREATE TABLE `ORDERITEM` (
  `ord_detail_id` int NOT NULL,
  `ord_id` int DEFAULT NULL,
  `prod_id` int DEFAULT NULL,
  `item_price` decimal(8,0) DEFAULT NULL,
  `item_qty` decimal(8,0) DEFAULT NULL,
  `item_total` decimal(8,0) DEFAULT NULL,
  `prod_comm` varchar(255) DEFAULT NULL,
  `prod_star` int DEFAULT NULL,
  `prod_sales` int DEFAULT NULL
) ENGINE=InnoDB DEFAULT CHARSET=utf8mb4 COLLATE=utf8mb4_0900_ai_ci COMMENT='訂單項目';

--
-- 傾印資料表的資料 `ORDERITEM`
--

INSERT INTO `ORDERITEM` (`ord_detail_id`, `ord_id`, `prod_id`, `item_price`, `item_qty`, `item_total`, `prod_comm`, `prod_star`, `prod_sales`) VALUES
(1, 4, 43, 700, 5, 3500, '商品品質優良，CP值高！', 5, 18),
(2, 10, 33, 800, 3, 2400, '商品包裝精美，送禮自用兩相宜！', 4, 11),
(3, 5, 16, 500, 6, 3000, '商品功能強大，使用方便！', 5, 15),
(4, 7, 24, 900, 2, 1800, '商品外觀時尚，符合我的風格！', 4, 7),
(5, 9, 45, 400, 5, 2000, '商品材質優良，經久耐用！', 5, 12),
(6, 3, 18, 300, 10, 3000, '商品操作簡單，易學易用！', 3, 18),
(7, 1, 27, 600, 8, 4800, '商品服務周到，售後無憂！', 5, 21),
(8, 2, 47, 200, 9, 1800, '商品價格實惠，物超所值！', 4, 10),
(9, 6, 31, 1000, 1, 1000, '商品設計新穎，獨具特色！', 5, 5),
(10, 8, 11, 500, 7, 3500, '商品品質保證，值得信賴！', 5, 17),
(11, 4, 22, 600, 5, 3000, '商品性能穩定，運行流暢！', 4, 13),
(12, 10, 40, 400, 3, 1200, '商品兼容性好，適用廣泛！', 3, 7),
(13, 5, 25, 700, 4, 2800, '商品保修期長，安心使用！', 4, 12),
(14, 7, 13, 500, 8, 4000, '商品售後服務完善，有保障！', 5, 19),
(15, 9, 36, 300, 6, 1800, '商品品質一流，值得推薦！', 5, 14),
(16, 3, 9, 900, 5, 4500, '商品功能齊全，滿足需求！', 4, 16),
(17, 1, 28, 400, 10, 4000, '商品外觀美觀，賞心悅目！', 3, 15),
(18, 2, 49, 800, 4, 3200, '商品操作簡單，上手快！', 5, 13),
(19, 6, 34, 1000, 2, 2000, '商品品質卓越，無可挑剔！', 5, 6),
(20, 8, 15, 500, 5, 2500, '商品性價比高，值得購買！', 4, 11);

-- --------------------------------------------------------

--
-- 資料表結構 `ORDERLIST`
--

CREATE TABLE `ORDERLIST` (
  `ord_id` int NOT NULL,
  `ord_date` datetime NOT NULL,
  `user_id` int NOT NULL,
  `ord_total` decimal(8,0) NOT NULL,
  `ord_pay` tinyint(1) NOT NULL,
  `ship_date` datetime DEFAULT NULL
) ENGINE=InnoDB DEFAULT CHARSET=utf8mb4 COLLATE=utf8mb4_0900_ai_ci COMMENT='訂單列表';

--
-- 傾印資料表的資料 `ORDERLIST`
--

INSERT INTO `ORDERLIST` (`ord_id`, `ord_date`, `user_id`, `ord_total`, `ord_pay`, `ship_date`) VALUES
(1, '2024-01-12 13:22:34', 23, 1500, 1, '2024-01-15 10:22:34'),
(2, '2023-05-17 11:45:23', 76, 3000, 0, '2023-05-20 14:45:23'),
(3, '2023-11-29 16:33:12', 98, 2100, 1, '2023-12-02 13:33:12'),
(4, '2024-03-08 10:09:45', 12, 800, 1, '2024-03-11 13:09:45'),
(5, '2024-02-21 15:12:01', 53, 3500, 0, '2024-02-24 12:12:01'),
(6, '2023-04-04 09:34:22', 89, 1200, 1, '2023-04-07 12:34:22'),
(7, '2023-07-23 14:56:19', 35, 2700, 1, '2023-07-26 11:56:19'),
(8, '2024-06-14 18:23:56', 15, 1900, 0, '2024-06-17 15:23:56'),
(9, '2023-12-25 11:44:33', 62, 4000, 1, '2023-12-28 14:44:33'),
(10, '2024-01-05 12:33:21', 97, 1600, 0, '2024-01-08 15:33:21');

-- --------------------------------------------------------

--
-- 資料表結構 `PRODLIST`
--

CREATE TABLE `PRODLIST` (
  `prod_id` int NOT NULL,
  `prod_name` varchar(255) CHARACTER SET utf8mb4 COLLATE utf8mb4_0900_ai_ci DEFAULT NULL,
  `prod_tag_id` int DEFAULT NULL,
  `prod_price` decimal(8,0) DEFAULT NULL,
  `prod_stock` decimal(8,0) DEFAULT NULL,
  `prod_img` varchar(255) CHARACTER SET utf8mb4 COLLATE utf8mb4_0900_ai_ci DEFAULT NULL,
  `prod_desc` varchar(1000) CHARACTER SET utf8mb4 COLLATE utf8mb4_0900_ai_ci DEFAULT NULL,
  `prod_disc` decimal(3,2) DEFAULT NULL,
  `prod_update` datetime DEFAULT NULL
) ENGINE=InnoDB DEFAULT CHARSET=utf8mb4 COLLATE=utf8mb4_0900_ai_ci COMMENT='桌遊商品列表';

--
-- 傾印資料表的資料 `PRODLIST`
--

INSERT INTO `PRODLIST` (`prod_id`, `prod_name`, `prod_tag_id`, `prod_price`, `prod_stock`, `prod_img`, `prod_desc`, `prod_disc`, `prod_update`) VALUES
(1, '龍之遺跡 (Dragon’s Legacy)', 1, 1200, 20, '001.jpeg', '背景故事：在遙遠的大陸上，有一座神秘的城堡，據說裡面藏著龍的寶藏。這座城堡被稱為「龍之遺跡」。傳說中，這位巨龍曾是一位強大的魔法師，他的寶藏包含了無數的寶石、魔法物品和知識。冒險者們聞風而至，希望能夠一探究竟，但城堡充滿了陷阱、謎題和神秘的魔法，只有最勇敢的人才能夠成功。', 1.00, '2024-06-01 09:00:00'),
(2, '幽靈船 (Ghost Ship))', 2, 900, 20, '002.jpeg', '背景故事：在一個風暴肆虐的夜晚，一艘幽靈船漂浮在海上。這艘船曾經是可怕的海盜船，現在卻成了鬼魂的家。船上的幽靈船員試圖找到失散的寶藏，但他們必須面對詛咒和鬼魂的威脅。每個角落都隱藏著危險，但寶藏就在眼前。', 0.90, '2024-02-11 12:00:00'),
(3, '奇幻競技場 (Fantasy Arena)', 3, 1500, 10, '003.jpeg', '背景故事：在一個神秘的競技場中，不同種族的戰士、法師和怪物聚集在一起，為了榮譽和寶物而戰。這個競技場由神秘的魔法師創造，中央有一個傳送門，通向其他世界。每個角色都有獨特的技能，每場比賽都是一場驚心動魄的戰鬥。', 0.85, '2023-11-11 11:11:11'),
(4, '時光迷宮 (Chrono Labyrinth)', 4, 2500, 13, '004.jpeg', '背景故事：在一個神秘的森林深處，有一座古老的迷宮，被稱為「時光迷宮」。這個迷宮不僅是空間的迷宮，還是時間的迷宮。每個房間都通往不同的時代，從史前時代到遙遠的未來，甚至是平行宇宙。傳說中，時光迷宮的中心藏著一個能夠改變歷史的神秘寶物。', 1.00, '2023-05-02 09:15:00'),
(5, '魔法糖果工廠 (Enchanted Candy Factory)', 5, 2100, 20, '005.jpeg', '背景故事：在一個彩色繽紛的世界中，有一座神奇的糖果工廠，名為「魔法糖果工廠」。這個工廠由一位古老的糖果師傅創立，他擁有神秘的魔法技能，能夠製作出令人驚艷的糖果。這些糖果不僅美味，還具有奇幻的效果，例如讓人飛行、變小或甚至穿越時空。', 0.75, '2023-05-05 15:10:00'),
(6, '魔法餐廳 (Enchanted Bistro)', 6, 1300, 13, '006.jpeg', '故事背景：在一個隱藏於森林深處的神秘餐廳，糖果、藥草和魔法交織成美味佳餚。這裡的廚師是糖果精靈和烹飪巫師，他們的料理能夠賦予食客不同的魔法效果。每道菜都是一場奇幻的冒險，每個客人都是一位冒險者。', 0.95, '2024-09-09 09:00:00'),
(7, '詭異時光錶 (Eerie Hourglass)', 7, 1950, 19, '007.jpeg', '背景故事： 一個神秘的沙漏能夠穿越時空，將人們帶到不同的年代。但每次使用都會引發詭異事件，需要解開謎題才能回到現實。這款神秘的時光錶是一位古老的時間守護者所創造。它看似一個普通的沙漏，但卻擁有非凡的力量。每當你翻轉它，你就能夠穿越到不同的年代，體驗過去和未來的奇幻世界。然而，使用時光錶總是伴隨著詭異事件，需要解開謎題才能回到現實。', 1.00, '2024-03-22 15:00:00'),
(8, '笑話大亂鬥 (Joke Brawl)', 8, 1440, 14, '008.jpeg', '背景故事：在一個詼諧的競技場上，各種笑話角色爭奪笑聲之冠。這裡有說冷笑話的小丑、搞笑的外星人、諷刺的詩人，甚至是一位神秘的笑聲使者。每個人都想成為最有趣的人，贏得觀眾的掌聲。你是一位年輕的笑話師，渴望在「笑話大亂鬥」中嶄露頭角。你的目標是成為最搞笑的人，贏得笑聲之冠。在競技場上，你遇到了其他笑話角色，例如「謎語大師」和「語言戰士」。每個人都有自己獨特的笑話技能，例如「語言戰士」可以用文字創造出最詼諧的場景。', 0.70, '2023-06-15 08:00:00'),
(9, '怪獸養成所 (Monster Nursery)', 9, 1600, 15, '009.jpeg', '背景故事： 在一個神秘的怪獸養成所，你是怪獸訓練師。這個養成所位於一座隱藏在樹林中的古老城堡，被魔法結界保護著。你的目標是培養出最可愛、最詭異、最厲害的怪獸，並讓它們成為世界上最受歡迎的寵物。在養成所裡，你遇到了各種奇特的怪獸，例如「毛絨龍」和「幻影貓」。你必須學會如何餵食、訓練和照顧它們，並與其他訓練師交流經驗。', 1.00, '2024-02-22 14:00:00'),
(10, '魔法鬥拳 (Mystic Fisticuffs)', 10, 2400, 5, '010.jpeg', '背景故事： 在一個魔法世界中，各種奇特的生物參加鬥拳比賽，使用魔法技能和特殊招式。這個競技場由神秘的魔法使者創造，中央有一個神奇的鬥拳之石，據說能夠賦予戰士無限的力量。你是一位年輕的戰士，渴望在「魔法鬥拳」中證明自己的實力。你的目標是成為最強的鬥拳戰士，贏得鬥拳之石。', 0.95, '2024-01-01 13:00:00'),
(11, '死亡遊戲 (Game of Mortality)', 11, 3000, 8, '011.jpeg', '背景故事： 艾莉絲·哈珀（Alice Harper）是一位突然得到大量遺產的寡婦。她的丈夫，一位富有的收藏家，意外身亡，留下了一個神秘的遺囑。遺囑中提到了「死亡遊戲」，一場超越生死的詭異競賽。這場遊戲的規則是：參賽者必須在一個古老的莊園中生存下去，找出遊戲的創造者，並打破詛咒。每個參與者都有自己的動機和秘密，而莊園充滿了危險、謎團和不可思議的力量。艾莉絲決定參加這場遊戲，不僅為了解開丈夫的死亡之謎，也是為了尋找自己的目的和意義。她必須在莊園中探索，與其他參與者競爭，並解開遊戲的謎團。但是，每個人都是潛在的兇手，每個線索都是關鍵。在這場生死之間的遊戲中，艾莉絲將面臨極限挑戰，揭示遊戲的真正目的，並找到自己的答案。她的命運與莊園的詭譎之間交織，而她的選擇將決定她的生死。', 1.00, '2024-02-01 13:00:00'),
(12, '推理之夜 (Night of Deduction)', 12, 2800, 11, '012.jpeg', '背景故事： 1841年的倫敦，陰霾籠罩著街頭巷尾。即將退休的老警探亨利·福斯特（Henry Foster）在一生中解決了無數謎團，但他的最後一個案件卻是他職業生涯中最棘手的。這次，他被召集到一座古老的莊園，參加了一場名為「推理之夜」的神秘晚宴。莊園主人是一位神秘的富商，名叫阿爾伯特·蒙哥馬利（Albert Montgomery）。蒙哥馬利先生是一位熱愛謎題和謀殺案的收藏家，他邀請了一群天才推理者、神秘學家和犯罪心理學家參加這場晚宴。每個參與者都有自己的動機和秘密，而蒙哥馬利先生的目的只有一個：解開一個看似不可能的謀殺之謎。在這個古老的莊園中，福斯特老警探必須收集線索、訪問其他參與者，並在晚宴上揭示兇手的身份。但是，每個人都是潛在的兇手，每個線索都是關鍵。而時間在不斷流逝，福斯特老警探必須在退休前解開這個謎團，否則這將成為他職業生涯中的一個遺憾。', 1.00, '2024-03-01 12:00:00'),
(13, '驚悚列車 (Thriller Express)', 13, 1700, 22, '013.jpeg', '背景故事： 剛成年的孤兒，艾娃（Eva），正要前往匈牙利尋找她失散多年的父親。她的唯一線索是一封古老的信，其中提到父親曾在一趟名為「驚悚列車」的火車上工作。這列車並非普通的交通工具，而是一個神秘的移動世界。它穿越歷史、文化和超自然的境界，載著各式各樣的乘客：從神秘的旅行者到危險的犯罪份子，每個人都有自己的目的和秘密。艾娃登上了「驚悚列車」，她的心跳加速，因為她知道這是她與父親重逢的唯一機會。但是，這列車並非只是一趟普通的旅程。在其中，她將面對超自然現象、謎團和危險，而每個車廂都是一個新的挑戰。艾娃必須解開列車上的謎團，找到父親，並揭示驚悚列車背後的真相。她的命運與這趟列車緊密相連，而她的選擇將決定她的未來。', 1.00, '2024-04-01 12:00:00'),
(14, '克蘇魯的遺產 (Cthulhu’s Legacy)', 14, 1900, 12, '014.jpeg', '背景故事： 艾莉森·格雷（Allison Gray）是一位年輕的小說家，她的作品以神秘和超自然元素為主題。某天，她在一個寒冷的冬夜中，做了一個奇怪的夢。在這個夢中，她置身於一個古老的神廟，四周是腐朽的雕像和神秘的符號。在夢中，艾莉森遇見了一位神秘的長者，他名為克蘇魯。克蘇魯是一個失落的神祇，被囚禁在地球上的沉沒城市拉萊耶之下。他的存在超越了人類的理解，他的眼睛閃爍著宇宙的秘密。艾莉森醒來時，她感到自己被這個夢境深深吸引。她開始研究克蘇魯神話，追尋這個失落的神秘世界。她的小說開始受到克蘇魯的影響，她的文字中充滿了古老的符號、禁忌的知識和不可名狀的恐怖。艾莉森的小說逐漸引起了讀者的注意，但同時也引來了危險。她的作品似乎喚醒了克蘇魯，而他的遺產開始影響現實世界。艾莉森必須解開克蘇魯的謎團，找到真相，並保護自己和她所愛的人。', 1.00, '2024-05-01 14:00:00'),
(15, '靈異審判 (Spectral Tribunal)', 15, 2200, 15, '015.jpeg', '背景故事： 在一個被詛咒的小鎮上，靈異現象層出不窮。你是一位靈媒，被召集到一座古老的法庭，解決靈魂的紛爭。每個案件都涉及詭異的事件和不可思議的證據。這座法庭位於一座荒廢的教堂，其木質長椅上仍殘留著靈魂的氣息，而法官則是一位神秘的長者，他的眼睛能洞察靈魂的真相。', 1.00, '2024-04-10 09:00:00');

-- --------------------------------------------------------

--
-- 資料表結構 `PRODTAG`
--

CREATE TABLE `PRODTAG` (
  `prod_tag_id` int NOT NULL,
  `prod_id` int NOT NULL,
  `tag_id` int NOT NULL
) ENGINE=InnoDB DEFAULT CHARSET=utf8mb4 COLLATE=utf8mb4_0900_ai_ci COMMENT='商品類別列表';

--
-- 傾印資料表的資料 `PRODTAG`
--

INSERT INTO `PRODTAG` (`prod_tag_id`, `prod_id`, `tag_id`) VALUES
(1, 1, 2),
(2, 2, 14),
(3, 3, 7),
(4, 4, 19),
(5, 5, 35),
(6, 6, 35),
(7, 7, 23),
(8, 8, 16),
(9, 9, 24),
(10, 10, 7),
(11, 11, 32),
(12, 12, 38),
(13, 13, 38),
(14, 14, 33),
(15, 15, 33);

-- --------------------------------------------------------

--
-- 資料表結構 `TAGLIST`
--

CREATE TABLE `TAGLIST` (
  `tag_id` int NOT NULL,
  `tag_name` varchar(255) NOT NULL
) ENGINE=InnoDB DEFAULT CHARSET=utf8mb4 COLLATE=utf8mb4_0900_ai_ci COMMENT='類別表';

--
-- 傾印資料表的資料 `TAGLIST`
--

INSERT INTO `TAGLIST` (`tag_id`, `tag_name`) VALUES
(1, '角色扮演'),
(2, '動作冒險'),
(3, '策略'),
(4, '運動'),
(5, '射擊'),
(6, '競速'),
(7, '格鬥'),
(8, '益智'),
(9, '模擬'),
(10, '音樂'),
(11, '恐怖'),
(12, '沙盒'),
(13, '生存'),
(14, '解謎'),
(15, '平台'),
(16, '競技'),
(17, '卡牌'),
(18, '塔防'),
(19, '冒險'),
(20, '劇情'),
(21, '歷史'),
(22, '戰爭'),
(23, '科幻'),
(24, '奇幻'),
(25, '武俠'),
(26, '修仙'),
(27, '現代'),
(28, '未來'),
(29, '蒸汽朋克'),
(30, '賽博朋克'),
(31, '黑暗奇幻'),
(32, '冒險解謎'),
(33, '生存恐怖'),
(34, '動作角色扮演'),
(35, '模擬經營'),
(36, '回合制策略'),
(37, '即時策略'),
(38, '合作'),
(39, '競技場'),
(40, '漫改'),
(41, '電影改編'),
(42, '電視劇改編'),
(43, '動畫改編'),
(44, '同人'),
(45, '跨界合作'),
(46, '開放世界'),
(47, '文字冒險'),
(48, '劇情選擇'),
(49, '多人合作'),
(50, '單人冒險');

--
-- 已傾印資料表的索引
--

--
-- 資料表索引 `CARTITEM`
--
ALTER TABLE `CARTITEM`
  ADD PRIMARY KEY (`cart_item_id`);

--
-- 資料表索引 `CARTLIST`
--
ALTER TABLE `CARTLIST`
  ADD PRIMARY KEY (`cart_id`);

--
-- 資料表索引 `ORDERITEM`
--
ALTER TABLE `ORDERITEM`
  ADD PRIMARY KEY (`ord_detail_id`);

--
-- 資料表索引 `ORDERLIST`
--
ALTER TABLE `ORDERLIST`
  ADD PRIMARY KEY (`ord_id`);

--
-- 資料表索引 `PRODLIST`
--
ALTER TABLE `PRODLIST`
  ADD PRIMARY KEY (`prod_id`);

--
-- 資料表索引 `PRODTAG`
--
ALTER TABLE `PRODTAG`
  ADD PRIMARY KEY (`prod_tag_id`);

--
-- 資料表索引 `TAGLIST`
--
ALTER TABLE `TAGLIST`
  ADD PRIMARY KEY (`tag_id`);
COMMIT;

/*!40101 SET CHARACTER_SET_CLIENT=@OLD_CHARACTER_SET_CLIENT */;
/*!40101 SET CHARACTER_SET_RESULTS=@OLD_CHARACTER_SET_RESULTS */;
/*!40101 SET COLLATION_CONNECTION=@OLD_COLLATION_CONNECTION */;
