-- phpMyAdmin SQL Dump
-- version 5.2.1
-- https://www.phpmyadmin.net/
--
-- 主機： 127.0.0.1
-- 產生時間： 2024 年 07 月 29 日 09:49
-- 伺服器版本： 8.3.0
-- PHP 版本： 8.1.17

SET SQL_MODE = "NO_AUTO_VALUE_ON_ZERO";
START TRANSACTION;
SET time_zone = "+00:00";


/*!40101 SET @OLD_CHARACTER_SET_CLIENT=@@CHARACTER_SET_CLIENT */;
/*!40101 SET @OLD_CHARACTER_SET_RESULTS=@@CHARACTER_SET_RESULTS */;
/*!40101 SET @OLD_COLLATION_CONNECTION=@@COLLATION_CONNECTION */;
/*!40101 SET NAMES utf8mb4 */;

--
-- 資料庫： `new_db_0718`
--

-- --------------------------------------------------------

--
-- 資料表結構 `actbook`
--

CREATE TABLE `actbook` (
  `act_book_id` int NOT NULL,
  `act_id` int NOT NULL,
  `user_id` int NOT NULL,
  `user_score` int DEFAULT NULL,
  `sign_in` tinyint(1) NOT NULL
) ENGINE=InnoDB DEFAULT CHARSET=utf8mb4 COLLATE=utf8mb4_0900_ai_ci;

--
-- 傾印資料表的資料 `actbook`
--

INSERT INTO `actbook` (`act_book_id`, `act_id`, `user_id`, `user_score`, `sign_in`) VALUES
(25, 3, 20240041, 4, 1),
(26, 3, 20240041, 5, 1),
(27, 4, 20240041, 4, 0),
(28, 4, 20240041, 3, 1),
(29, 5, 20240041, 5, 1),
(30, 5, 20240041, 5, 0);

-- --------------------------------------------------------

--
-- 資料表結構 `actlist`
--

CREATE TABLE `actlist` (
  `act_id` int NOT NULL,
  `act_name` varchar(255) NOT NULL,
  `act_date` date NOT NULL,
  `user_id` int NOT NULL,
  `act_type` varchar(255) DEFAULT NULL,
  `act_create` datetime NOT NULL,
  `act_desc` varchar(255) NOT NULL
) ENGINE=InnoDB DEFAULT CHARSET=utf8mb4 COLLATE=utf8mb4_0900_ai_ci;

--
-- 傾印資料表的資料 `actlist`
--

INSERT INTO `actlist` (`act_id`, `act_name`, `act_date`, `user_id`, `act_type`, `act_create`, `act_desc`) VALUES
(3, '桌遊-阿瓦隆', '2024-06-30', 20240041, 'Entertainment', '2024-07-03 12:00:00', '遊戲中玩家分成兩大陣營，每個陣營內有能力者和普通角色，玩家要通過邏輯推理和對話來試探彼此的陣營。和狼人殺不同的是，遊戲中玩家不會被殺出局。'),
(4, '密室逃脫-埃及', '2024-09-28', 20240041, 'Arts', '2024-07-04 13:00:00', '探索古埃及金字塔的秘密，解開法老的詛咒，破解謎題逃脫。挑戰你的智慧與膽識，享受驚險刺激的冒險旅程。'),
(5, 'TCG-遊戲王店家賽', '2024-05-18', 20240043, 'Health', '2024-07-05 14:00:00', '除了遊戲用的規則, 官方活動和比賽有自己的官方規則維護公平和友好的遊戲環境。\r\n為了避免任何誤解, 強烈建議在比賽前閱讀規則。'),
(6, '密室逃脫-冒險王', '2024-04-20', 20240039, 'Health', '2024-07-05 14:00:00', '玩家們直呼這個價格可以玩到此等高規格的遊戲根本超值，《冒險王》才推出短短數個月已成為玩家口中的台中必玩密室第一名，在小編行文的當下據說接下來三個月的假日場次都已經額滿！'),
(7, '狼人殺-8人局', '2024-05-25', 20240042, 'Sports', '2024-07-01 10:00:00', '諸神黃昏:預言家+女巫+獵人+守衛+白痴/狼王+白狼王+惡靈騎士\r\n雙身分:預言家+女巫+獵人+守衛+白癡+禁言長老+6平民/2狼人+潛行狼\r\n末日狂徒:預言家+守衛+騎士+2平民/3狼人'),
(8, 'TCG-闇影詩章', '2024-07-15', 20240041, 'Education', '2024-07-02 11:00:00', '參加闇影詩章卡牌對戰，展示你的戰術與策略，與其他玩家一較高下，爭奪勝利與榮譽，贏取豐厚獎勵。\r\n'),
(9, '桌遊-矮人礦坑', '2024-08-26', 20240041, 'Entertainment', '2024-07-03 12:00:00', '透過每個人的行動來判斷對方的意圖，並適時的迴避或陷害對方，進而完成自己的目的。\r\n即便你自己埋頭苦幹也沒用！你還得把自己的隊員們通通喚醒，要小心自己千萬別成為那個搞不清楚狀況的小矮人。'),
(10, 'TCG-WS銀包賽12人', '2024-06-20', 20240041, 'Arts', '2024-07-04 13:00:00', '參加12人卡牌對戰比賽，展現你的策略與實力，爭奪冠軍榮耀，贏取豐厚獎品。快來挑戰你的對手吧！'),
(11, 'TCG-寶可夢城市大賽', '2024-09-30', 20240040, 'Health', '2024-07-05 14:00:00', '城市聯盟賽，並於300名以下玩家參賽的城市聯盟中賽獲得前 8 名，或300名以上玩家參賽的城市聯盟賽獲得前 16 名的玩家，無須參加抽籤即可受邀參賽。獲得資格選手請務必填寫優勝選手表單，以確認參加資訊'),
(12, '狼人殺-12人局', '2024-02-25', 20240041, 'Health', '2024-07-05 14:00:00', '狼人陣營：2小狼，2大狼（狼王，白狼王，惡靈騎士，狼美人，石像鬼，隱狼，血月使徒，當中隨機選擇2個大狼發放）\r\n\r\n好人陣營：3平民，5神職（預言家，女巫，獵人，守衛，白痴，騎士，攝夢人，魔術師，守墓人，烏鴉，獵魔人，當中隨機選擇5個神職發放）'),
(13, '狼人殺-6人菜雞版', '2024-10-25', 20240041, 'your_default_value_for_act_type', '2024-07-15 00:18:42', '明牌局:預言家+獵人+2平民/2狼人\r\n暗牌局:預言家+守衛+2平民/2狼人'),
(14, 'TCG-寶可夢聯盟大賽', '2024-06-30', 20240041, 'default_value_for_act_type', '2024-07-14 18:24:00', '期間所舉辦的城市聯盟賽，並於300名以下玩家參賽的城市聯盟中賽獲得前 8 名，或300名以上玩家參賽的城市聯盟賽獲得前 16 名的玩家，無須參加抽籤即可受邀參賽。'),
(15, '密室逃脫-辛亥隧道', '2024-07-25', 20240041, 'default_value_for_act_type', '2024-07-14 18:24:23', '玩家必須真的在隧道中自行開車，而狹長看不見盡頭的隧道場景更是營造出一種無處可逃的絕望氣氛，讓所有上車的玩家印象深刻。雖然說是恐怖遊戲，但劇情的部分也絲毫不馬虎，遊戲途中使用的每一項道具都背後都藏著一段悲傷的故事，無怪乎能夠獲得「劇情最優」、「機關最強」、「場景最狂」、「氣氛最佳」等多項第一。'),
(17, '劇本殺-病毒在跳舞', '2024-05-24', 20240023, 'default_value_for_act_type', '2024-07-14 18:46:16', '每名玩家皆各自扮演在前線做防疫工作的人員，必須透過適合的藥物卡，來醫治被病毒卡感染的器官，也能適時打出各種強大的醫療卡，來改變與其他玩家間的狀態，而最先擁有四個不同健康器官的玩家即可獲勝。\r\n'),
(18, '狼人殺-12人局', '2024-07-10', 20240041, 'default_value_for_act_type', '2024-07-15 04:38:50', '3小狼，1大狼（狼王，白狼王，惡靈騎士，狼美人，石像鬼，隱狼，血月使徒，噩夢之影，當中隨機選擇一個大狼發放）\r\n\r\n4平民，4神職（預言家，女巫，獵人，守衛，白痴，騎士，攝夢人，魔術師，守墓人，烏鴉，獵魔人，奇蹟商人，當中隨機選擇4個神職發放）'),
(19, '狼人殺-9人局', '2024-03-18', 20240024, 'default_value_for_act_type', '2024-07-15 05:13:02', '暗牌局:預言家+女巫+獵人+3平民/3狼人\r\n飯局狼人殺:熊+女巫+獵人+3平民+高級村民/狼人+種狼'),
(20, '狼人殺-10人局', '2024-03-15', 20240025, 'default_value_for_act_type', '2024-07-15 05:14:07', '十人局是一個不平衡的板子，一般配置為三神四民三狼，狼隊殺剩一民可視為屠民獲勝。'),
(21, '劇本殺-微笑謎藏', '2024-05-10', 20240026, 'default_value_for_act_type', '2024-07-15 05:16:47', '在《微笑謎藏》中，不僅需要進行角色個人任務，更需要在緊張的氣氛中協助其他隊友完成任務，避開潛伏在暗處且隨時可能出現的危機。此遊戲還有多重結局，許多玩家在玩過第一次後當場決定二刷三刷，因為實在太想以別的角色視角了解劇情，並且看看不同路線的結局到底還有什麼花樣可玩！'),
(22, '劇本殺-禁錮之宅', '2024-09-18', 20240041, 'default_value_for_act_type', '2024-07-15 05:18:03', '《壹零玖伍：禁錮之宅》遊玩過程充滿歡笑，有著大空間、多房間、爬上爬下的特性。工作室主打這款主題是「微恐歡樂又健身」，多找幾個膽子大的朋友一起來玩這款台中必玩密室逃脫：《壹零玖伍：禁錮之宅》吧！'),
(23, '密室逃脫-陰緣', '2024-06-05', 20240027, 'default_value_for_act_type', '2024-07-15 05:19:07', '《陰緣》有分開行動的「合作版」以及共同行動（四人限定）的「沈浸版」，可依據玩家人數選擇適合的版本。下回來宜蘭玩時，不妨也將《陰緣》排進行程吧！'),
(24, '密室逃脫-百鬼夜行', '2024-02-22', 20240028, 'default_value_for_act_type', '2024-07-15 05:20:03', '《百鬼夜行》在本屆選拔賽初賽中各類別都獲得不錯的名次，可惜稍微差一些就能夠進入決賽。'),
(25, '密室逃脫-地心任務', '2024-02-28', 20240029, 'default_value_for_act_type', '2024-07-15 05:20:44', '這款遊戲不僅歷經多個場景，而且每個場景的做工都非常細緻，就算是比較不擅長解謎的朋友，光是來看看這場景都會不由自主發出讚嘆！'),
(26, 'TCG-寶可夢店家賽', '2024-03-08', 20240030, 'default_value_for_act_type', '2024-07-15 05:23:28', '參加12人卡牌對戰比賽，展現你的策略與實力，爭奪冠軍榮耀，贏取豐厚獎品。快來挑戰你的對手吧！'),
(27, 'TCG-WS銀包賽32人', '2024-04-18', 20240031, 'default_value_for_act_type', '2024-07-15 05:24:34', '參加32人卡牌對戰比賽，展現你的策略與實力，爭奪冠軍榮耀，贏取豐厚獎品。快來挑戰你的對手吧！'),
(28, 'TCG-遊戲王地區', '2024-06-18', 20240032, 'Health', '2024-07-05 14:00:00', '除了遊戲用的規則, 官方活動和比賽有自己的官方規則維護公平和友好的遊戲環境。\r\n為了避免任何誤解, 強烈建議在比賽前閱讀規則。'),
(29, 'TCG-闇影詩章店家賽', '2024-10-15', 20240041, 'Education', '2024-07-02 11:00:00', '參加闇影詩章卡牌對戰，展示你的戰術與策略，與其他玩家一較高下，爭奪勝利與榮譽，贏取豐厚獎勵。\r\n'),
(30, '桌遊-UNO', '2024-11-05', 20240041, 'default_value_for_act_type', '2024-07-15 05:32:41', '我是經典 不用解釋吧!'),
(31, '桌遊-13道線索', '2024-04-10', 20240033, 'default_value_for_act_type', '2024-07-15 05:34:50', '數起兇殘的犯罪案件震驚了1899年的倫敦，謎樣的案情掩蓋了真相，蘇格蘭警場在黑暗中摸索，號召一群優秀的偵探前來協助破案。'),
(32, '桌遊-遵命！黑魔王', '2024-07-06', 20240041, 'default_value_for_act_type', '2024-07-15 05:35:41', '「黑魔王」雷格．魔提斯冷眼看著他匍匐在地上發抖的黑小鬼們，他的邪惡計劃又再次受挫，有人必須為這次的失敗付出代價，黑小鬼們需要敏捷的思緒和流利的口才，方能避免被黑魔王的怒火化為灰燼！'),
(33, '密室逃脫-黑城堡', '2024-05-08', 20240041, 'default_value_for_act_type', '2024-07-15 05:41:36', '「黑魔王」雷格．魔提斯冷眼看著他匍匐在地上發抖的黑小鬼們，他的邪惡計劃又再次受挫，有人必須為這次的失敗付出代價，黑小鬼們需要敏捷的思緒和流利的口才，方能避免被黑魔王的怒火化為灰燼！'),
(47, '狼人殺', '2025-10-24', 20241058, 'default_value_for_act_type', '2024-07-18 10:42:11', '一起猜忌，一起大聲說好，好讚好讚好讚好讚好讚好讚好讚好讚好讚好讚好讚好讚好讚好讚好讚好讚好讚好讚好讚好讚好讚好讚好讚好讚好讚好讚好讚好讚好讚好讚好讚好讚好讚好讚好讚好讚好讚好讚好讚好讚好讚好讚好讚好讚好讚');

-- --------------------------------------------------------

--
-- 資料表結構 `admin_list`
--

CREATE TABLE `admin_list` (
  `admin_id` int NOT NULL,
  `name` varchar(255) NOT NULL,
  `email` varchar(255) NOT NULL,
  `password_hash` varchar(255) CHARACTER SET utf8mb4 COLLATE utf8mb4_0900_ai_ci NOT NULL
) ENGINE=InnoDB DEFAULT CHARSET=utf8mb4 COLLATE=utf8mb4_0900_ai_ci;

--
-- 傾印資料表的資料 `admin_list`
--

INSERT INTO `admin_list` (`admin_id`, `name`, `email`, `password_hash`) VALUES
(1, 'YOYO', 'yoyo@test.com', '$2y$10$5Y6sYgWL3aDlyC48I3e9oe3P6w.8wUqcJpi09s8ceasV.uTdbMzbS');

-- --------------------------------------------------------

--
-- 資料表結構 `cartitem`
--

CREATE TABLE `cartitem` (
  `cart_item_id` int NOT NULL,
  `cart_id` int DEFAULT NULL,
  `prod_id` int DEFAULT NULL,
  `cart_item_qty` decimal(8,0) DEFAULT NULL,
  `cart_item_total` decimal(8,0) DEFAULT NULL
) ENGINE=InnoDB DEFAULT CHARSET=utf8mb4 COLLATE=utf8mb4_0900_ai_ci COMMENT='購物車項目';

--
-- 傾印資料表的資料 `cartitem`
--

INSERT INTO `cartitem` (`cart_item_id`, `cart_id`, `prod_id`, `cart_item_qty`, `cart_item_total`) VALUES
(1, 1, 11, 3, 780),
(2, 1, 10, 2, 420),
(3, 8, 9, 1, 340),
(4, 5, 4, 5, 960),
(5, 9, 10, 10, 1000),
(6, 3, 2, 7, 1470),
(7, 7, 14, 3, 630),
(8, 6, 3, 6, 1140),
(9, 10, 4, 2, 420),
(10, 2, 5, 1, 500),
(11, 4, 3, 3, 780),
(12, 1, 2, 2, 420),
(13, 8, 1, 1, 340),
(14, 5, 4, 5, 960),
(15, 9, 10, 10, 1000),
(16, 3, 2, 7, 1470),
(17, 7, 14, 3, 630),
(18, 6, 9, 6, 1140),
(19, 10, 1, 2, 420),
(20, 2, 5, 1, 500);

-- --------------------------------------------------------

--
-- 資料表結構 `cartlist`
--

CREATE TABLE `cartlist` (
  `cart_id` int NOT NULL,
  `user_id` int DEFAULT NULL,
  `cart_total` decimal(8,0) DEFAULT NULL,
  `cart_pay` int DEFAULT NULL
) ENGINE=InnoDB DEFAULT CHARSET=utf8mb4 COLLATE=utf8mb4_0900_ai_ci COMMENT='購物車列表';

--
-- 傾印資料表的資料 `cartlist`
--

INSERT INTO `cartlist` (`cart_id`, `user_id`, `cart_total`, `cart_pay`) VALUES
(1, 20240042, 2300, 1),
(2, 20240007, 3900, 0),
(3, 20240019, 1700, 1),
(4, 20240033, 1100, 0),
(5, 20240004, 2500, 1),
(6, 20240008, 3200, 0),
(7, 20240035, 2900, 1),
(8, 20240012, 800, 1),
(9, 20240006, 4000, 0),
(10, 20240016, 1400, 1);

-- --------------------------------------------------------

--
-- 資料表結構 `favorlist`
--

CREATE TABLE `favorlist` (
  `favor_id` int NOT NULL,
  `user_id` int NOT NULL,
  `prod_id` int NOT NULL,
  `add_at` datetime DEFAULT NULL
) ENGINE=InnoDB DEFAULT CHARSET=utf8mb4 COLLATE=utf8mb4_0900_ai_ci;

-- --------------------------------------------------------

--
-- 資料表結構 `larplist`
--

CREATE TABLE `larplist` (
  `larp_id` int NOT NULL,
  `larp_name` varchar(255) CHARACTER SET utf8mb3 COLLATE utf8mb3_general_ci NOT NULL,
  `larp_price` varchar(255) CHARACTER SET utf8mb3 COLLATE utf8mb3_general_ci NOT NULL,
  `larp_img` varchar(255) NOT NULL,
  `larp_people` varchar(255) CHARACTER SET utf8mb3 COLLATE utf8mb3_general_ci NOT NULL,
  `larp_date` date DEFAULT NULL,
  `larp_info` varchar(10000) CHARACTER SET utf8mb3 COLLATE utf8mb3_general_ci DEFAULT NULL,
  `larp_tag_id` int DEFAULT NULL,
  `larp_desc` varchar(10000) CHARACTER SET utf8mb3 COLLATE utf8mb3_general_ci NOT NULL,
  `larp_loc` varchar(255) DEFAULT NULL,
  `larp_star` int DEFAULT NULL,
  `larp_comm` varchar(255) DEFAULT NULL
) ENGINE=InnoDB DEFAULT CHARSET=utf8mb3;

--
-- 傾印資料表的資料 `larplist`
--

INSERT INTO `larplist` (`larp_id`, `larp_name`, `larp_price`, `larp_img`, `larp_people`, `larp_date`, `larp_info`, `larp_tag_id`, `larp_desc`, `larp_loc`, `larp_star`, `larp_comm`) VALUES
(1, '卡坦島 (Settlers of Catan)', '900', '', '3-4人（有擴展包可增加玩家人數）', '2024-07-12', '建築與資源管理遊戲，玩家在未開拓的島嶼上建設道路、定居點及城市，並交易資源以達成目標。', 1, '在一片神秘的孤島上，無數的冒險者和定居者匯聚於此，試圖建立自己的王國。這片島嶼資源豐富，木材、羊毛、磚塊、小麥和礦石分布各異，但每一樣資源的獲取都需謹慎考慮和策略布局。玩家們必須在這片未知的土地上，巧妙地建立道路、定居點與城市，進行資源的交換和交易，以增強自己的勢力並爭取勝利。島上的隨機風災與敵對勢力更是挑戰重重，如何在混亂中找到一線生機，成為最具影響力的定居者，將是所有玩家的終極目標。踏上這片土地，展開你的冒險，成為卡坦島的統治者！', '台北市中山區林森北路100號', NULL, NULL),
(2, '票房大亨 (Ticket to Ride)', '1500', '', '2-5人', '2024-07-12', '鐵路建設主題遊戲，玩家透過收集火車卡連接城市以完成路線並獲得分數。', 17, '歷史悠久的鐵路網絡正等著你來擴展。在這款充滿挑戰的遊戲中，你將成為一位鐵路大亨，通過收集和運用各種鐵路卡片，建設一條條連接城市的鐵路線。無論是穿越壯麗的山脈，還是穿梭於繁華的城市間，所有的線路都需要你精心規劃和布置。與其他玩家競爭，不僅要趕在他人之前完成自己的目標路線，還要靈活應對對手的阻礙和挑戰。每一次行動的選擇，都是對智慧和策略的考驗。只有最聰明、最富有遠見的玩家，才能在這場鐵路大賽中脫穎而出，成為真正的票房大亨！', '台中市西屯區文心路4段300號', NULL, NULL),
(3, '巴哈馬毒氣事件 (Pandemic)', '1200', '', '2-4人（有擴展包可增加玩家人數）', '2024-07-13', '合作式遊戲，玩家合作對抗全球擴散的疾病，共同策略避免全球大流行。', 29, '全球爆發的瘟疫威脅，將世界推向了邊緣。在《巴哈馬毒氣事件》中，你和你的隊友將成為國際應急小組的成員，肩負起拯救人類的重任。你們必須在各大洲之間迅速移動，利用各種科學設備和治療方法，阻止病毒的擴散，尋找解藥。在時間緊迫的情況下，每一次決策和行動都至關重要。面對不斷變化的疫情形勢，團隊合作與策略規劃將是你們成功的關鍵。只有在各種危機中保持冷靜，協同作戰，你們才能揭開病毒的神秘面紗，拯救全球人民於水深火熱之中。', '台北市中山區林森北路100號', NULL, NULL),
(4, '傳奇 (The Resistance)', '600', '', '5-10人', '2024-07-13', '心理戰遊戲，玩家分為抵抗組織成員和政府特務，特務需偽裝成抵抗組織以推翻抵抗組織。', 5, '在一個被高科技監控和陰謀包圍的世界中，抵抗組織的勇士們必須在黑暗中尋找光明。《傳奇》是一款心理戰和推理的遊戲，玩家們將分成抵抗組織的成員和潛伏的間諜，雙方必須在秘密中進行激烈的博弈。抵抗組織需要完成各項任務，而間諜則試圖阻撓這些任務的成功。每個玩家的身份都是未知的，每個行動都充滿了不確定性和懸念。你需要通過觀察、推理和交流，揭開敵人的真面目，保護自己不被識破，並在一次次的陰謀與對抗中，尋找勝利的希望。', '新北市板橋區民族路2段50號', NULL, NULL),
(5, '世紀: 高盧戰記 (Small World)', '1500', '', '2-5人（有擴展包可增加玩家人數）', '2024-07-14', '區域佔領遊戲，玩家扮演奇幻種族，在地圖上擴展領土並獲得分數。', 21, '在這片奇幻的土地上，各種各樣的種族和勢力正在爭奪領土和資源。《世紀: 高盧戰記》讓你化身為一位強大的領袖，帶領著你的種族在這片混亂的世界中奮鬥。每個種族都有其獨特的能力，而玩家的任務是巧妙地選擇、擴展和融合這些種族，佔領更多的地盤，贏得最終的勝利。隨著遊戲的進行，玩家們需要不斷調整策略，應對敵人的挑戰和隨機事件，打造一個既強大又穩固的帝國。這是一場腦力與策略的較量，每一局都是對智慧與勇氣的極限挑戰。你準備好迎接這場高盧戰記的冒險了嗎？', '高雄市前鎮區中華五路200號', NULL, NULL),
(6, '殖民地 (Colonists)', '2100', '', '1-4人', '2024-07-14', '資源管理和城市建設遊戲，玩家透過建造和管理來滿足殖民地居民的需求，以達成目標。', 10, '在這片新開發的土地上，你將成為一名殖民地的創建者，開闢新的天地，建設繁榮的城市。《殖民地》是一款深度的建設與資源管理遊戲，你需要巧妙地分配和利用資源，發展經濟，建立各種建築和設施。你可以選擇耕地、伐木、採礦，還可以進行貿易和科技研究，逐步提升你的殖民地。隨著殖民地的擴展，你將面臨各種挑戰，包括自然災害和外來侵略。只有在資源的合理配置和戰略規劃下，你的殖民地才能持續發展，最終成為一個強盛的帝國。這是一場關於智慧、決策和勇氣的比拼，你準備好在這片土地上書寫你的傳奇了嗎？', '台北市中山區林森北路100號', NULL, NULL),
(7, '王朝 (Dominion)', '1050', '', '2-4人（有擴展包可增加玩家人數）', '2024-07-15', '牌組構築遊戲，玩家透過購買卡片來建立自己的牌組，並利用卡片效果獲得點數。', 28, '在《王朝》這款卡牌遊戲中，你將踏入一個充滿未知與機遇的世界。從一開始，你擁有一個簡單的牌組，透過不斷的收集和建設，擴展你的王國，打造強大的卡牌組合。每一張卡牌都是你力量的來源，每一次的選擇都將影響你的發展方向。你需要在收集、交易和攻擊之間找到平衡，利用各種策略來擊敗對手，贏得勝利。這是一場考驗智慧和運氣的比拼，每一次遊戲都充滿了驚喜和挑戰。是否能在無數的選擇中，找到最佳的策略，成為真正的王朝之主？', '彰化縣彰化市民生路100號', NULL, NULL),
(8, '七大奇蹟 (7 Wonders)', '1200', '', '2-7人', '2024-07-15', '文明建設遊戲，玩家在不同時期建設奇蹟並發展文明，以獲得最高分數。', 12, '《七大奇蹟》將你帶入古代文明的黃金時代，玩家們將各自發展自己的城市，建設七大奇蹟之一。這款遊戲以其獨特的卡牌組合和策略布局，讓你在短短幾十分鐘內，體驗到文明的興衰。你需要合理安排資源，選擇建設的卡牌，既要保護自己的城市不被攻擊，又要盡量提升自己的文明成就。每一張卡牌的選擇都至關重要，決定了你的城市在比賽中的優勢與弱勢。隨著時代的演進，城市的輝煌與崩潰，讓這場遊戲充滿了無數的策略變化和精彩瞬間，只有最聰明的玩家才能在這片古文明的舞台上，贏得最終的榮耀。', '台中市西屯區文心路4段300號', NULL, NULL),
(9, '王牌大地主 (The Great Dalmuti)', '450', '', '4-8人', '2024-07-16', '改編自古老的卡牌遊戲，玩家透過出牌和角色換位來爭奪地位，遊戲結束時頭領為王牌大地主。', 3, '《王牌大地主》是一款充滿樂趣和挑戰的卡牌遊戲，玩家們需要在這片混亂的牌局中，利用手中的牌力，提升自己的地位。從平民到大地主，每個玩家的目標都是成為最後的勝利者。遊戲中，每一次的出牌、交換和挑戰，都充滿了策略和變數。你需要巧妙地運用手中的牌，謀求最佳的出牌時機和策略，打敗對手，爭奪最高的地位。這款遊戲的樂趣在於其簡單的規則和深奧的策略，讓每一次的比拼都充滿了驚喜和刺激，適合所有喜愛策略和挑戰的玩家。', '台北市中山區林森北路100號', NULL, NULL),
(10, '亞特蘭提斯傳奇 (Atlantis Rising)', '1800', '', '1-7人', '2024-07-16', '合作式遊戲，玩家合作阻止亞特蘭提斯沉沒，透過資源管理和協作來建造防禦系統。', 26, '在一片神秘的大海上，傳說中的亞特蘭提斯城市即將再度浮現於水面之上。玩家們扮演的是亞特蘭提斯的守護者，他們必須聯手合作，利用神秘的科技和力量，修復和強化城市的防禦系統，抵禦來自深海的威脅。每位玩家都有獨特的技能和角色，必須善用自己的能力，防止城市被毀壞，同時尋找城市消失背後的真相。在這場懸疑與冒險的旅程中，玩家們將面臨各種挑戰和抉擇，只有通過合作與智慧，才能最終拯救亞特蘭提斯於水火之間，維護這座失落城市的榮耀。', '台北市中山區林森北路100號', NULL, NULL),
(11, '電力公司 (Power Grid)', '1350', '', '2-6人', '2024-07-17', '經濟策略遊戲，玩家建立發電廠和供電網絡，管理資源並滿足城市需求以獲得最高營收。', 15, '《電力公司》將你帶入現代城市的經濟與技術競爭之中。作為一名電力公司的CEO，你的目標是通過有效的策略和管理，擴展你的電力網絡，為城市提供持續穩定的電力供應。從建設發電廠、購買原材料，到維護和升級設施，你需要面對各種市場波動和競爭對手的挑戰。每一步的決策都會影響你公司的發展和市場的變化，你需要精確地計算成本和效益，以在市場中立於不敗之地。這是一場關於戰略規劃和市場競爭的挑戰，只有最有遠見的CEO才能在這個高壓的電力市場中，創造出屬於自己的商業傳奇。', '新北市板橋區民族路2段50號', NULL, NULL),
(12, '穿越歷史 (Through the Ages: A New Story of Civilization)', '1950', '', '2-4人', '2024-07-17', '文明建設遊戲，玩家透過科技發展和領土擴展，建立強大的文明並獲得文明分數。', 6, '這是一場關於文明興衰的史詩旅程，《穿越歷史》帶你進入從石器時代到現代的全球歷史。你將成為一個文明的領導者，負責發展你的帝國、管理資源、研究技術，並與其他文明競爭。每一個決策都會影響你文明的成長和發展，無論是戰爭還是外交，都將考驗你的智慧和策略。通過建造建築、發展科技和培育領袖，你必須引領你的文明走向繁榮還是衰落的未來。這是一款極富挑戰性和深度的策略遊戲，只有真正的文明建設者才能在歷史長河中，留下屬於自己的光輝足跡。', '台北市中山區林森北路100號', NULL, NULL),
(13, '極地大冒險 (Arctic Scavengers)', '750', '', '2-5人', '2024-07-18', '生存和策略遊戲，玩家在極地搜尋資源和建立部落，並與其他玩家爭奪資源和生存。', 24, '在這片絕望與希望並存的極地荒野中，《極地大冒險》讓玩家們扮演探險者，爭取在冰雪覆蓋的城市廢墟中尋找生存的機會。你必須組建自己的部落，招募各種特殊能力的成員，並利用各種資源來提升你的生存機會。在資源稀缺的極地環境中，每一次的採集和競爭都充滿了危機與機遇。你需要利用你的策略和謀略，不僅要應對自然的威脅，還要面對其他部落的競爭和襲擊。只有通過堅韌不拔的意志和精明的戰略，你才能在這片絕望中找到生存的希望，成為極地的真正主宰。', '台中市西屯區文心路4段300號', NULL, NULL),
(14, '瘟疫公司 (Plague Inc.)', '1050', '', '1-4人', '2024-07-18', '模擬和策略遊戲，玩家以病毒形式侵入世界各地，擴散疾病並進行進化以達到最大影響。', 19, '《瘟疫公司》將你帶入一場全球流行病的戰爭之中。你將扮演一種致命病原體的角色，必須通過調查和進化來增強你的病毒、細菌或其他病原體，使其在全球範圍內快速傳播。你需要考慮病毒的特性、病癥的影響以及世界各地的環境因素，以最大化病毒的擴散和感染力。然而，全球各國的反制措施和科學家的抵抗也將是你的挑戰。只有通過精確的策略和不斷的進化，你才能在這場生死之間的競爭中，摧毀人類，實現全球大流行的目標。', '台北市中山區林森北路100號', NULL, NULL),
(15, '時空穿梭 (Time Stories)', '1500', '', '2-4人', '2024-07-19', '冒險和謎題解決遊戲，玩家穿越不同時空並解開隱藏的謎團，透過時間迴圈來達成任務。', 7, '在《時空穿梭》中，你將成為一名時間特工，負責穿越時空，修復歷史中的錯誤和阻止災難的發生。你的任務可能包括探索古代文明、解開現代謎團，甚至是阻止未來的毀滅性事件。通過使用高科技設備和精確的時間管理，你必須在限定的時間內完成任務，挑戰時間和空間的限制。然而，每一次的時空穿越都會面臨新的挑戰和未知的危險，你需要在這場挑戰中保持冷靜和智慧，以確保歷史的完整和世界的安全。準備好開始你的時空冒險了嗎？', '台北市中山區林森北路100號', NULL, NULL),
(16, '王國重建 (Kingdom Builder)', '1200', '', '2-4人', '2024-07-19', '區域佔領和策略遊戲，玩家透過地形板塊佔領建築點來擴展王國並獲得分數。', 18, '當你踏入《王國重建》的世界，你成為了一位王國的建設者。在這片多姿多彩的土地上，每位玩家都扮演著一位志在建立強大王國的領袖。你需要運用智慧與策略，選擇最佳的地點來建設城市，利用各種地形特徵來擴展你的領土。每個回合都充滿了挑戰與決策，你要在競爭激烈的局勢中找到突破口，並利用不同的王國建設能力來取得最終的勝利。', '台中市西屯區文心路4段300號', NULL, NULL),
(17, '維京養成記 (A Feast for Odin)', '2250', '', '1-4人', '2024-07-20', '資源管理和策略遊戲，玩家以維京人身份探索和擴展領土，並完成各種任務以獲得維京生活的最高榮耀。', 13, '《維京養成記》將你帶入了北歐的神秘世界。在這個遊戲中，你扮演一位維京領袖，致力於拓展你的領土並獲得最大的榮耀。你必須探索新的領域，開發資源，建造房屋，並在複雜的貿易網絡中取得你的位置。每一步都需要精確的計劃與策略，只有最能夠把握機會的領袖才能在這個世界中蓬勃發展。', '高雄市前鎮區中華五路200號', NULL, NULL),
(18, '狼人 (Ultimate Werewolf)', '600', '', '8-18人', '2024-07-20', '社交推理遊戲，玩家分為狼人和村民兩隊，村民透過推理找出狼人並消滅他們。', 30, '在《狼人》中，每位玩家都將面對一個神秘的村莊，但這個村莊裡潛藏著一個可怕的秘密：有狼人的存在。你可能是一位無辜的村民，或是暗中蠢動的狼人。在黑暗的夜晚，狼人將潛行行動，襲擊無辜者。白天，村民們必須通過投票來驅逐狼人，但要小心，因為每個選擇都可能帶來致命的後果。這是一場心理戰與社交推理的極致體驗，考驗每位玩家的智慧和洞察力。', '台北市中山區林森北路100號', NULL, NULL),
(19, '垂死的星球 (Twilight Imperium)', '4500', '', '3-6人', '2024-07-21', '太空政治和策略遊戲，玩家代表不同的太空文明進行外交、戰爭和資源管理，以控制宇宙中的星系。', 8, '《垂死的星球》將你帶入一個宏大的宇宙探險之中，你是一名宇宙船艦的船長，率領你的船員探索一個被稱為「垂死的星球」的神秘行星。這顆星球擁有豐富的資源和未知的科技遺跡，吸引了無數探險者和資源開發者前來爭奪。然而，這片土地危機四伏，充滿了危險與秘密。\n\n你的任務不僅是尋找和採集稀有資源，還要面對來自行星深處的神秘力量和異星生物的威脅。每一次登陸都是一次生存之旅，你需要制定良好的戰略來保護你的船員和資源，同時探索和解開這個星球的秘密。在這個過程中，你可能會遇到其他來自不同勢力的競爭者，他們可能成為你的盟友或敵人。', '台北市中山區林森北路100號', NULL, NULL),
(20, '殘酷王室 (Intrigue)', '750', '', '3-6人', '2024-07-21', '策略和心理遊戲，玩家扮演君主和貴族，在宮廷中進行交易和密謀以維持權力和影響力。', 23, '當你踏入《殘酷王室》的世界時，你將成為一位權力遊戲的主角。在這個遊戲中，每位玩家都是一位企圖爭奪王室權力的貴族。你將面對政治陰謀、權力交易和背叛，必須巧妙運用你的資源與影響力來達成目標。每一個決策都可能改變局勢，而你的選擇將決定你在王室中的命運。', '彰化縣彰化市民生路100號', NULL, NULL),
(21, '星際大戰: 皇家 (Star Wars: Imperial Assault)', '2400', '', '2-5人', '2024-07-22', '戰略和冒險遊戲，玩家分為帝國和反抗軍，進行地面戰和特工任務以影響星際戰爭的結果。', 2, '在《星際大戰: 皇家》中，你將進入星際大戰的宇宙，扮演角色或指揮艦隊參與史詩般的戰役。你可以選擇支持反抗軍或帝國，參與空中戰鬥、地面戰役或密謀政治。每個場景都充滿了星際大戰的精髓，讓你身臨其境地體驗星系之間的戰爭與冒險。', '台北市中山區林森北路100號', NULL, NULL),
(22, '王國藝術 (Kingdomino)', '600', '', '2-4人', '2024-07-22', '輕鬆的區域佔領遊戲，玩家透過拼湊地塊來建立個人王國並獲得最高分數。', 14, '《王國藝術》則帶你進入一場建造王國的輕鬆而有趣的競賽。你需要選擇並放置不同形狀的地塊，以構建最美麗且高效的王國。每一回合都是一次選擇，要在限制資源的情況下取得最大化的利益。這是一款容易上手卻又充滿策略性的遊戲，適合與朋友或家人共同享受。', '台中市西屯區文心路4段300號', NULL, NULL),
(23, '災難之都 (Doomtown: Reloaded)', '900', '', '2-4人', '2024-07-23', '西部世界和卡牌遊戲混合，玩家在荒涼的災難之都中建立勢力並進行決鬥和控制。', 27, '《災難之都》將你帶入一個充滿西部風情與詭譎陰謀的世界。你將成為一名在混亂城市中生存的冒險者，必須管理資源、控制領土，同時應對來自其他玩家和事件卡的挑戰。在這片充滿危險與機會的土地上，你必須保持警惕，以求生存並擴展你的勢力。', '台北市中山區林森北路100號', NULL, NULL),
(24, '大絕殺 (Battlestar Galactica)', '1800', '', '3-6人', '2024-07-23', '合作與背叛遊戲，玩家分為人類和叛徒，人類需保護星際船艦和抵抗叛徒的入侵。', 9, '在《大絕殺》中，宇宙船隊飛行在無邊的宇宙中，每位玩家都扮演人類或機器人的角色。突然間，一個意想不到的消息傳來：其中一位玩家是敵對勢力的間諜！現在，你必須在船上進行緊張的調查和推理，試圖揪出這個臥底。隨著每一回合的進展，緊張氛圍逐漸升級，每個決策都可能帶來巨大的影響。是相信同伴還是懷疑每個人？在這場生死存亡的激烈角力中，只有合作與策略才能揭示真相，最終拯救船隊免於災難。', '新北市板橋區民族路2段50號', NULL, NULL),
(25, '上流社會 (Splendor)', '1050', '', '2-4人', '2024-07-24', '資源收集和發展遊戲，玩家透過購買寶石和發展商業來達成貴族身份。', 11, '在《上流社會》中，你將進入文藝復興時期的歐洲社會，成為一位貴族商人。你的目標是成為最具影響力的人物之一，透過收集寶石、發展商業活動和吸引名流來提升你的社會地位。這不僅僅是一場資源管理和策略遊戲，更是一段探索文化與權力交錯的旅程，讓你感受文明的繁榮與浪漫的魅力。', '台北市中山區林森北路100號', NULL, NULL),
(26, '戰爭之光 (War of the Ring)', '2700', '', '2-4人', '2024-07-24', '指揮和戰略遊戲，玩家分為自由人和黑暗勢力，以指揮軍隊和影響中土世界的戰爭結果。', 4, '《戰爭之光》將你帶入了托爾金的奇幻世界中，你將扮演自由人聯盟或暗影魔君的角色，參與中土大陸的史詩戰役。你要運用軍事戰略、外交策略和戰術布局來影響戰爭的結果。每一個決定都會影響到整個中土世界的命運，並挑戰你的智慧與領導力。', '高雄市前鎮區中華五路200號', NULL, NULL),
(27, '地底探險 (Sub Terra)', '900', '', '1-6人', '2024-07-25', '生存和冒險遊戲，玩家在地底迷宮中尋找出路並避免各種危險，以逃出地下世界。', 22, '在《地底探險》中，你與一群探險者一起進入地底的迷宮中，面對著暗黑危險與未知的挑戰。你們必須合作探索迷宮、收集資源、解開謎題，同時應對來自地底深處的威脅。這是一場合作與求生的冒險，考驗每位探險者的勇氣與決策能力。', '台北市中山區林森北路100號', NULL, NULL),
(28, '阿卡諾 (Arcadia Quest)', '2100', '', '2-4人', '2024-07-25', '冒險和戰鬥遊戲，玩家控制英雄隊伍在城市中冒險並對抗怪物以獲得榮譽和寶藏。', 16, '《阿卡諾》帶你進入一個奇幻的冒險世界，你將領導一隊英雄冒險者，探索危險的城市阿卡諾。你需要擊敗怪物、完成任務、收集寶物，並在不同的場景中展示你的戰鬥技能和策略思維。這是一場充滿競爭與冒險的遊戲，讓你體驗戰鬥與探險的樂趣。', '台中市西屯區文心路4段300號', NULL, NULL),
(29, '機器人危機 (RoboRally)', '1200', '', '2-6人', '2024-07-26', '機器人和策略遊戲，玩家透過編程指令來控制機器人在工廠中完成競賽和任務。', 25, '《機器人危機》將你帶入一個機器人競賽的瘋狂世界。你要編程你的機器人，在高速移動的工廠內競逐，避開障礙物並擊敗其他競爭對手。每個回合都是一場技術與策略的比賽，只有最精密的計劃和最靈活的機器人才能獲得勝利。', '台北市中山區林森北路100號', NULL, NULL),
(30, '銀河征服 (Twilight Struggle)', '1500', '', '2人', '2024-07-26', '冷戰主題的策略遊戲，玩家代表美國或蘇聯，在全球進行政治、軍事和外交競爭以獲得最高影響力。', 20, '《銀河征服》將你置身於冷戰時期的政治對抗中，扮演蘇聯或美國的角色。你需要在全球範圍內進行間諜活動、外交斡旋和軍事佈局，以影響世界局勢的發展。這是一場政治與策略的對決，考驗你的戰略眼光和政治手腕。', '台北市中山區林森北路100號', NULL, NULL),
(31, '菁英遊戲 (Codenames)', '600', '', '2-8人', '2024-07-27', '情報解密遊戲，玩家扮演間諜和情報官員，透過暗示來找出自己隊伍的代號並完成任務。', 30, '在《菁英遊戲》中，你將扮演一名精英間諜領袖，率領你的團隊進行一場全球性的間諜戰。在這場情報交錯的競技中，你必須運用智慧和策略，透過暗示和代號解析敵對勢力的關鍵目標。每個回合都是一次心理戰與推理的挑戰，你需要靠團隊間的默契與合作，同時保持警惕，避免落入敵人的陷阱。這是一款深具戰略性和社交性的遊戲，不僅考驗你的情報分析能力，更挑戰你在壓力下做出的決策。', '新北市板橋區民族路2段50號', NULL, NULL),
(32, '君主 (Monarch)', '750', '', '2-4人', '2024-07-27', '王室和卡牌遊戲，玩家透過收集貴族、建設建築和管理資源來建立最強的王國。', 11, '《君主》帶你進入一個奇幻王國的頂峰競爭，你是一位富有抱負的君主，力求通過發展科技、擴展領土和招募英雄來增強你的王國。在這場策略豐富的建設遊戲中，每一步都能左右你的命運。你必須精確計算每個行動的影響，平衡戰略佈局與資源管理，以期在競爭激烈的王國中脫穎而出。這是一場深具戰略性和統治力挑戰的遊戲，讓你感受到成為王國建設者的豐富樂趣和挑戰。', '台北市中山區林森北路100號', NULL, NULL),
(33, '命運: 虛構 (Dead of Winter)', '1800', '', '2-5人', '2024-07-28', '生存和合作遊戲，玩家在冰封的世界中合作以對抗寒冷和食人者，並保護殖民地的生存。', 25, '《命運: 虛構》帶你進入一個冬季凍結的末世世界，你與其他倖存者一同生活在被瘟疫肆虐的城市中。在這場生存與合作的極限遊戲中，你需要在短缺的資源下，與團隊合作尋找生存之道。然而，每個人都可能是內部叛徒，隨時可能背叛你的信任。這是一款極具張力和情感投入的合作與背叛遊戲，讓你在危機四伏的世界中體驗求生的極限挑戰。', '台中市西屯區文心路4段300號', NULL, NULL),
(34, '據點防禦 (The Manhattan Project: Energy Empire)', '1650', '123', '3', '2024-07-28', '資源管理和工業化遊戲，玩家在世界舞台上建立能源帝國並進行環保和科技發展。', 1, '在《據點防禦》中，你將成為一名能源企業家，身處二戰後的全球競爭中。你的目標是建立一個強大的能源帝國，影響世界能源市場的發展走向。你必須在工業發展和環境保護之間取得平衡，同時應對政府政策和競爭對手的挑戰。這不僅是一場關於能源管理和經濟策略的挑戰，更是一個反映現實世界能源議題的深入思考。每一步決策都將對你的帝國命運產生深遠影響，而你的策略將決定你能否在全球舞台上占據主導地位。這是一款適合喜愛經濟策略和全球影響力的玩家的遊戲，帶你體驗建立企業帝國的挑戰與成就。', '台北市中山區林森北路100號', NULL, NULL);

-- --------------------------------------------------------

--
-- 資料表結構 `larptag`
--

CREATE TABLE `larptag` (
  `larp_tag_id` int NOT NULL,
  `larp_id` int NOT NULL,
  `tag_id` int NOT NULL
) ENGINE=InnoDB DEFAULT CHARSET=utf8mb4 COLLATE=utf8mb4_0900_ai_ci;

-- --------------------------------------------------------

--
-- 資料表結構 `orderitem`
--

CREATE TABLE `orderitem` (
  `ord_detail_id` int NOT NULL,
  `ord_id` int DEFAULT NULL,
  `prod_id` int DEFAULT NULL,
  `item_price` decimal(8,0) DEFAULT NULL,
  `item_qty` decimal(8,0) DEFAULT NULL,
  `item_total` decimal(8,0) DEFAULT NULL,
  `prod_comm` varchar(255) DEFAULT NULL,
  `prod_star` int DEFAULT NULL,
  `prod_sales` int DEFAULT NULL
) ENGINE=InnoDB DEFAULT CHARSET=utf8mb4 COLLATE=utf8mb4_0900_ai_ci COMMENT='訂單項目';

--
-- 傾印資料表的資料 `orderitem`
--

INSERT INTO `orderitem` (`ord_detail_id`, `ord_id`, `prod_id`, `item_price`, `item_qty`, `item_total`, `prod_comm`, `prod_star`, `prod_sales`) VALUES
(1, 4, 14, 800, 5, 3500, '商品品質優良，CP值高！', 5, 18),
(2, 10, 3, 800, 3, 2400, '商品包裝精美，送禮自用兩相宜！', 4, 11),
(3, 5, 13, 500, 6, 3000, '商品功能強大，使用方便！', 5, 15),
(4, 7, 14, 900, 2, 1800, '商品外觀時尚，符合我的風格！', 4, 7),
(5, 9, 15, 400, 5, 2000, '商品材質優良，經久耐用！', 5, 12),
(6, 3, 8, 300, 10, 3000, '商品操作簡單，易學易用！', 3, 18),
(7, 1, 7, 600, 8, 4800, '商品服務周到，售後無憂！', 5, 21),
(8, 2, 7, 200, 9, 1800, '商品價格實惠，物超所值！', 4, 10),
(9, 6, 3, 1000, 1, 1000, '商品設計新穎，獨具特色！', 5, 5),
(10, 8, 11, 500, 7, 3500, '商品品質保證，值得信賴！', 5, 17),
(11, 4, 2, 600, 5, 3000, '商品性能穩定，運行流暢！', 4, 13),
(12, 10, 4, 400, 3, 1200, '商品兼容性好，適用廣泛！', 3, 7),
(13, 5, 5, 700, 4, 2800, '商品保修期長，安心使用！', 4, 12),
(14, 7, 13, 500, 8, 4000, '商品售後服務完善，有保障！', 5, 19),
(15, 10, 10, 1000, 1, 1000, '俗又大碗', 5, 1);

-- --------------------------------------------------------

--
-- 資料表結構 `orderlist`
--

CREATE TABLE `orderlist` (
  `ord_id` int NOT NULL,
  `ord_date` datetime NOT NULL,
  `user_id` int NOT NULL,
  `ord_total` decimal(8,0) NOT NULL,
  `ord_pay` tinyint(1) NOT NULL,
  `ship_date` datetime DEFAULT NULL
) ENGINE=InnoDB DEFAULT CHARSET=utf8mb4 COLLATE=utf8mb4_0900_ai_ci COMMENT='訂單列表';

--
-- 傾印資料表的資料 `orderlist`
--

INSERT INTO `orderlist` (`ord_id`, `ord_date`, `user_id`, `ord_total`, `ord_pay`, `ship_date`) VALUES
(1, '2024-01-12 13:22:34', 23, 1500, 1, '2024-01-15 10:22:34'),
(2, '2023-05-17 11:45:23', 76, 3000, 0, '2023-05-20 14:45:23'),
(3, '2023-11-29 16:33:12', 98, 2100, 1, '2023-12-02 13:33:12'),
(4, '2024-03-08 10:09:45', 12, 800, 1, '2024-03-11 13:09:45'),
(5, '2024-02-21 15:12:01', 53, 3500, 0, '2024-02-24 12:12:01'),
(6, '2023-04-04 09:34:22', 89, 1200, 1, '2023-04-07 12:34:22'),
(7, '2023-07-23 14:56:19', 35, 2700, 1, '2023-07-26 11:56:19'),
(8, '2024-06-14 18:23:56', 15, 1900, 0, '2024-06-17 15:23:56'),
(9, '2023-12-25 11:44:33', 62, 4000, 1, '2023-12-28 14:44:33'),
(10, '2024-01-05 12:33:21', 97, 1600, 0, '2024-01-08 15:33:21');

-- --------------------------------------------------------

--
-- 資料表結構 `order_history`
--

CREATE TABLE `order_history` (
  `history_id` int NOT NULL,
  `user_id` int NOT NULL,
  `ord_id` int NOT NULL
) ENGINE=InnoDB DEFAULT CHARSET=utf8mb4 COLLATE=utf8mb4_0900_ai_ci;

--
-- 傾印資料表的資料 `order_history`
--

INSERT INTO `order_history` (`history_id`, `user_id`, `ord_id`) VALUES
(1, 20240023, 10),
(2, 20240024, 9),
(3, 20240025, 8),
(4, 20240026, 7),
(5, 20240027, 6),
(6, 20240028, 5),
(7, 20240029, 4),
(8, 20240030, 3),
(9, 20240031, 2),
(10, 20240032, 1);

-- --------------------------------------------------------

--
-- 資料表結構 `prodlist`
--

CREATE TABLE `prodlist` (
  `prod_id` int NOT NULL,
  `prod_name` varchar(255) CHARACTER SET utf8mb4 COLLATE utf8mb4_0900_ai_ci DEFAULT NULL,
  `prod_img` varchar(255) CHARACTER SET utf8mb4 COLLATE utf8mb4_0900_ai_ci DEFAULT NULL,
  `prod_tag_id` int DEFAULT NULL,
  `prod_stock` decimal(8,0) DEFAULT NULL,
  `prod_desc` varchar(1000) CHARACTER SET utf8mb4 COLLATE utf8mb4_0900_ai_ci DEFAULT NULL,
  `prod_price` decimal(8,0) DEFAULT NULL,
  `prod_disc` decimal(3,2) DEFAULT NULL,
  `prod_update` datetime DEFAULT NULL
) ENGINE=InnoDB DEFAULT CHARSET=utf8mb4 COLLATE=utf8mb4_0900_ai_ci COMMENT='桌遊商品列表';

--
-- 傾印資料表的資料 `prodlist`
--

INSERT INTO `prodlist` (`prod_id`, `prod_name`, `prod_img`, `prod_tag_id`, `prod_stock`, `prod_desc`, `prod_price`, `prod_disc`, `prod_update`) VALUES
(1, '龍之遺跡 (Dragon’s Legacy)', '001.jpg', NULL, 20, '背景故事：在遙遠的大陸上，有一座神秘的城堡，據說裡面藏著龍的寶藏。這座城堡被稱為「龍之遺跡」。傳說中，這位巨龍曾是一位強大的魔法師，他的寶藏包含了無數的寶石、魔法物品和知識。冒險者們聞風而至，希望能夠一探究竟，但城堡充滿了陷阱、謎題和神秘的魔法，只有最勇敢的人才能夠成功。', 1200, 1.00, '2024-06-01 09:00:00'),
(2, '幽靈船 (Ghost Ship))', '002.jpg', 2, 20, '背景故事：在一個風暴肆虐的夜晚，一艘幽靈船漂浮在海上。這艘船曾經是可怕的海盜船，現在卻成了鬼魂的家。船上的幽靈船員試圖找到失散的寶藏，但他們必須面對詛咒和鬼魂的威脅。每個角落都隱藏著危險，但寶藏就在眼前。', 900, 0.90, '2024-02-11 12:00:00'),
(3, '奇幻競技場 (Fantasy Arena)', '003.jpg', 3, 10, '背景故事：在一個神秘的競技場中，不同種族的戰士、法師和怪物聚集在一起，為了榮譽和寶物而戰。這個競技場由神秘的魔法師創造，中央有一個傳送門，通向其他世界。每個角色都有獨特的技能，每場比賽都是一場驚心動魄的戰鬥。', 1500, 0.85, '2023-11-11 11:11:11'),
(4, '時光迷宮 (Chrono Labyrinth)', '004.jpg', 4, 13, '背景故事：在一個神秘的森林深處，有一座古老的迷宮，被稱為「時光迷宮」。這個迷宮不僅是空間的迷宮，還是時間的迷宮。每個房間都通往不同的時代，從史前時代到遙遠的未來，甚至是平行宇宙。傳說中，時光迷宮的中心藏著一個能夠改變歷史的神秘寶物。', 2500, 1.00, '2023-05-02 09:15:00'),
(5, '魔法糖果工廠 (Enchanted Candy Factory)', '005.jpg', 5, 20, '背景故事：在一個彩色繽紛的世界中，有一座神奇的糖果工廠，名為「魔法糖果工廠」。這個工廠由一位古老的糖果師傅創立，他擁有神秘的魔法技能，能夠製作出令人驚艷的糖果。這些糖果不僅美味，還具有奇幻的效果，例如讓人飛行、變小或甚至穿越時空。', 2100, 0.75, '2023-05-05 15:10:00'),
(6, '魔法餐廳 (Enchanted Bistro)', '006.jpg', 6, 13, '故事背景：在一個隱藏於森林深處的神秘餐廳，糖果、藥草和魔法交織成美味佳餚。這裡的廚師是糖果精靈和烹飪巫師，他們的料理能夠賦予食客不同的魔法效果。每道菜都是一場奇幻的冒險，每個客人都是一位冒險者。', 1300, 0.95, '2024-09-09 09:00:00'),
(7, '詭異時光錶 (Eerie Hourglass)', '007.jpg', 7, 19, '背景故事： 一個神秘的沙漏能夠穿越時空，將人們帶到不同的年代。但每次使用都會引發詭異事件，需要解開謎題才能回到現實。這款神秘的時光錶是一位古老的時間守護者所創造。它看似一個普通的沙漏，但卻擁有非凡的力量。每當你翻轉它，你就能夠穿越到不同的年代，體驗過去和未來的奇幻世界。然而，使用時光錶總是伴隨著詭異事件，需要解開謎題才能回到現實。', 1950, 1.00, '2024-03-22 15:00:00'),
(8, '笑話大亂鬥 (Joke Brawl)', '008.jpg', 8, 14, '背景故事：在一個詼諧的競技場上，各種笑話角色爭奪笑聲之冠。這裡有說冷笑話的小丑、搞笑的外星人、諷刺的詩人，甚至是一位神秘的笑聲使者。每個人都想成為最有趣的人，贏得觀眾的掌聲。你是一位年輕的笑話師，渴望在「笑話大亂鬥」中嶄露頭角。你的目標是成為最搞笑的人，贏得笑聲之冠。在競技場上，你遇到了其他笑話角色，例如「謎語大師」和「語言戰士」。每個人都有自己獨特的笑話技能，例如「語言戰士」可以用文字創造出最詼諧的場景。', 1440, 0.70, '2023-06-15 08:00:00'),
(9, '怪獸養成所 (Monster Nursery)', '009.jpg', 9, 15, '背景故事： 在一個神秘的怪獸養成所，你是怪獸訓練師。這個養成所位於一座隱藏在樹林中的古老城堡，被魔法結界保護著。你的目標是培養出最可愛、最詭異、最厲害的怪獸，並讓它們成為世界上最受歡迎的寵物。在養成所裡，你遇到了各種奇特的怪獸，例如「毛絨龍」和「幻影貓」。你必須學會如何餵食、訓練和照顧它們，並與其他訓練師交流經驗。', 1600, 1.00, '2024-02-22 14:00:00'),
(10, '魔法鬥拳 (Mystic Fisticuffs)', '010.jpg', 10, 5, '背景故事： 在一個魔法世界中，各種奇特的生物參加鬥拳比賽，使用魔法技能和特殊招式。這個競技場由神秘的魔法使者創造，中央有一個神奇的鬥拳之石，據說能夠賦予戰士無限的力量。你是一位年輕的戰士，渴望在「魔法鬥拳」中證明自己的實力。你的目標是成為最強的鬥拳戰士，贏得鬥拳之石。', 2400, 0.95, '2024-01-01 13:00:00'),
(11, '死亡遊戲 (Game of Mortality)', '011.jpg', 11, 8, '背景故事： 艾莉絲·哈珀（Alice Harper）是一位突然得到大量遺產的寡婦。她的丈夫，一位富有的收藏家，意外身亡，留下了一個神秘的遺囑。遺囑中提到了「死亡遊戲」，一場超越生死的詭異競賽。這場遊戲的規則是：參賽者必須在一個古老的莊園中生存下去，找出遊戲的創造者，並打破詛咒。每個參與者都有自己的動機和秘密，而莊園充滿了危險、謎團和不可思議的力量。艾莉絲決定參加這場遊戲，不僅為了解開丈夫的死亡之謎，也是為了尋找自己的目的和意義。她必須在莊園中探索，與其他參與者競爭，並解開遊戲的謎團。但是，每個人都是潛在的兇手，每個線索都是關鍵。在這場生死之間的遊戲中，艾莉絲將面臨極限挑戰，揭示遊戲的真正目的，並找到自己的答案。她的命運與莊園的詭譎之間交織，而她的選擇將決定她的生死。', 3000, 1.00, '2024-02-01 13:00:00'),
(12, '推理之夜 (Night of Deduction)', '012.jpg', 12, 11, '背景故事： 1841年的倫敦，陰霾籠罩著街頭巷尾。即將退休的老警探亨利·福斯特（Henry Foster）在一生中解決了無數謎團，但他的最後一個案件卻是他職業生涯中最棘手的。這次，他被召集到一座古老的莊園，參加了一場名為「推理之夜」的神秘晚宴。莊園主人是一位神秘的富商，名叫阿爾伯特·蒙哥馬利（Albert Montgomery）。蒙哥馬利先生是一位熱愛謎題和謀殺案的收藏家，他邀請了一群天才推理者、神秘學家和犯罪心理學家參加這場晚宴。每個參與者都有自己的動機和秘密，而蒙哥馬利先生的目的只有一個：解開一個看似不可能的謀殺之謎。在這個古老的莊園中，福斯特老警探必須收集線索、訪問其他參與者，並在晚宴上揭示兇手的身份。但是，每個人都是潛在的兇手，每個線索都是關鍵。而時間在不斷流逝，福斯特老警探必須在退休前解開這個謎團，否則這將成為他職業生涯中的一個遺憾。', 2800, 1.00, '2024-03-01 12:00:00'),
(13, '驚悚列車 (Thriller Express)', '013.jpg', 13, 22, '背景故事： 剛成年的孤兒，艾娃（Eva），正要前往匈牙利尋找她失散多年的父親。她的唯一線索是一封古老的信，其中提到父親曾在一趟名為「驚悚列車」的火車上工作。這列車並非普通的交通工具，而是一個神秘的移動世界。它穿越歷史、文化和超自然的境界，載著各式各樣的乘客：從神秘的旅行者到危險的犯罪份子，每個人都有自己的目的和秘密。艾娃登上了「驚悚列車」，她的心跳加速，因為她知道這是她與父親重逢的唯一機會。但是，這列車並非只是一趟普通的旅程。在其中，她將面對超自然現象、謎團和危險，而每個車廂都是一個新的挑戰。艾娃必須解開列車上的謎團，找到父親，並揭示驚悚列車背後的真相。她的命運與這趟列車緊密相連，而她的選擇將決定她的未來。', 1700, 1.00, '2024-04-01 12:00:00'),
(14, '克蘇魯的遺產 (Cthulhu’s Legacy)', '014.jpg', 14, 12, '背景故事： 艾莉森·格雷（Allison Gray）是一位年輕的小說家，她的作品以神秘和超自然元素為主題。某天，她在一個寒冷的冬夜中，做了一個奇怪的夢。在這個夢中，她置身於一個古老的神廟，四周是腐朽的雕像和神秘的符號。在夢中，艾莉森遇見了一位神秘的長者，他名為克蘇魯。克蘇魯是一個失落的神祇，被囚禁在地球上的沉沒城市拉萊耶之下。他的存在超越了人類的理解，他的眼睛閃爍著宇宙的秘密。艾莉森醒來時，她感到自己被這個夢境深深吸引。她開始研究克蘇魯神話，追尋這個失落的神秘世界。她的小說開始受到克蘇魯的影響，她的文字中充滿了古老的符號、禁忌的知識和不可名狀的恐怖。艾莉森的小說逐漸引起了讀者的注意，但同時也引來了危險。她的作品似乎喚醒了克蘇魯，而他的遺產開始影響現實世界。艾莉森必須解開克蘇魯的謎團，找到真相，並保護自己和她所愛的人。', 1900, 1.00, '2024-05-01 14:00:00'),
(15, '靈異審判 (Spectral Tribunal)', '015.jpg', 15, 15, '背景故事： 在一個被詛咒的小鎮上，靈異現象層出不窮。你是一位靈媒，被召集到一座古老的法庭，解決靈魂的紛爭。每個案件都涉及詭異的事件和不可思議的證據。這座法庭位於一座荒廢的教堂，其木質長椅上仍殘留著靈魂的氣息，而法官則是一位神秘的長者，他的眼睛能洞察靈魂的真相。', 2200, 1.00, '2024-04-10 09:00:00'),
(16, '魔法王國：貓頭鷹與矮人的傳說 (Magic Kingdom: The Legend of Owls and Dwarves)', '016.jpg', 8, 20, '背景故事：在遙遠的魔法王國中，矮人們擁有豐富的礦藏，而貓頭鷹則是智慧的象徵，守護著古老的魔法知識。王國中的魔法師們致力於保持世界的平衡，但最近，神秘的黑暗勢力開始蠢蠢欲動，試圖奪取魔法的力量。為了保護王國，貓頭鷹、矮人和魔法師們必須攜手合作，通過一系列挑戰來阻止黑暗勢力的侵襲。', 2200, 1.00, '2024-07-18 15:54:00'),
(17, '奔馳大草原 (Savanna Sprint)', '017.jpg', 4, 20, '背景故事：在非洲大草原上，動物們每年都會舉辦一場盛大的賽跑比賽，以決定誰是最快的動物。這次的比賽吸引了來自四面八方的參賽者，包括獅子、羚羊、斑馬、大象等。每位選手都有自己的特長和策略，目標是利用智慧和速度在充滿挑戰的賽道上脫穎而出，成為年度冠軍。', 1450, 1.00, '2024-07-18 20:50:00'),
(18, '黑暗陰謀(Dark Conspiracy)', '018.jpg', 20, 20, '背景故事：在工業革命時代的倫敦，黑暗的街道和煙霧瀰漫的天空下，殺手們正在策劃一連串駭人的事件。每一個謀殺案背後都有複雜的陰謀與計劃，而目擊者們則在恐懼中掙扎，警察在迷霧中艱難追捕。玩家需要在這個危險的城市中，扮演不同的角色，解開謎團或實施完美的犯罪，利用智慧和策略來達成各自的目標。', 2450, 1.00, '2024-07-18 22:22:00'),
(19, '海嘯求生(Tsunami Survival)', '019.jpg', 7, 20, '背景故事：在菲律賓的美麗沙灘上，遊客們正享受著陽光和海浪，突然間，一場巨大海嘯即將來襲。玩家們需要在這個驚心動魄的危機中，快速反應並協同合作，利用有限的資源和智慧來逃離險境，保護自己和他人。每個決策都關係到生死存亡，只有最機智和團結的團隊才能存活下來。', 1700, 1.00, '2024-07-18 22:29:00'),
(20, '冰封絕境 (Frozen Peril)', '020.jpg', 7, 20, '背景故事：在俄國的偏遠內陸，一群旅人被困在大雪紛飛的冬夜裡。他們找到了一間破舊的小木屋，躲避寒冷。然而，他們很快發現，這裡不僅是嚴寒的避難所，還有一個神秘的兇手潛伏其中。玩家們必須在這個嚴苛的環境中，克服恐懼，彼此合作，尋找資源，揭開兇手的真面目，並設法生存下去。', 2000, 1.00, '2024-07-18 22:42:00');

-- --------------------------------------------------------

--
-- 資料表結構 `prodtag`
--

CREATE TABLE `prodtag` (
  `prod_tag_id` int NOT NULL,
  `prod_id` int DEFAULT NULL,
  `tag_id` int DEFAULT NULL
) ENGINE=InnoDB DEFAULT CHARSET=utf8mb4 COLLATE=utf8mb4_0900_ai_ci COMMENT='商品類別列表';

--
-- 傾印資料表的資料 `prodtag`
--

INSERT INTO `prodtag` (`prod_tag_id`, `prod_id`, `tag_id`) VALUES
(1, 1, 2),
(2, 2, 14),
(3, 3, 7),
(4, 4, 19),
(5, 5, 35),
(6, 6, 35),
(7, 7, 23),
(8, 8, 16),
(9, 9, 24),
(10, 10, 7),
(11, 11, 32),
(12, 12, 38),
(13, 13, 38),
(14, 14, 33),
(15, 15, 33),
(16, 16, 3),
(17, 17, 8);

-- --------------------------------------------------------

--
-- 資料表結構 `taglist`
--

CREATE TABLE `taglist` (
  `tag_id` int NOT NULL,
  `tag_name` varchar(255) NOT NULL
) ENGINE=InnoDB DEFAULT CHARSET=utf8mb4 COLLATE=utf8mb4_0900_ai_ci COMMENT='類別表';

--
-- 傾印資料表的資料 `taglist`
--

INSERT INTO `taglist` (`tag_id`, `tag_name`) VALUES
(1, '角色扮演'),
(2, '動作冒險'),
(3, '策略'),
(4, '運動'),
(5, '射擊'),
(6, '競速'),
(7, '格鬥'),
(8, '益智'),
(9, '模擬'),
(10, '音樂'),
(11, '恐怖'),
(12, '沙盒'),
(13, '生存'),
(14, '解謎'),
(15, '平台'),
(16, '競技'),
(17, '卡牌'),
(18, '塔防'),
(19, '冒險'),
(20, '劇情'),
(21, '歷史'),
(22, '戰爭'),
(23, '科幻'),
(24, '奇幻'),
(25, '武俠'),
(26, '修仙'),
(27, '現代'),
(28, '未來'),
(29, '蒸汽朋克'),
(30, '賽博朋克'),
(31, '黑暗奇幻'),
(32, '冒險解謎'),
(33, '生存恐怖'),
(34, '動作角色扮演'),
(35, '模擬經營'),
(36, '回合制策略'),
(37, '即時策略'),
(38, '合作'),
(39, '競技場'),
(40, '漫改'),
(41, '電影改編'),
(42, '電視劇改編'),
(43, '動畫改編'),
(44, '同人'),
(45, '跨界合作'),
(46, '開放世界'),
(47, '文字冒險'),
(48, '劇情選擇'),
(49, '多人合作'),
(50, '單人冒險'),
(51, '親子'),
(52, '派對'),
(53, '桌上角色扮演'),
(54, '推理'),
(55, '建設'),
(56, '經營'),
(57, '教育'),
(58, '經典'),
(59, '動物'),
(60, '自然'),
(61, '歷險'),
(62, '拼圖'),
(63, '旅行'),
(64, '社交'),
(65, '創意'),
(66, '傳統');

-- --------------------------------------------------------

--
-- 資料表結構 `userinfo`
--

CREATE TABLE `userinfo` (
  `user_id` int NOT NULL,
  `user_name` varchar(255) NOT NULL,
  `email` varchar(255) NOT NULL,
  `password` varchar(255) CHARACTER SET utf8mb4 COLLATE utf8mb4_0900_ai_ci NOT NULL DEFAULT '$2y$10$VdDD5gG8/YhOVyFde/gICeRQ7H870h46ELekpRE1NXRAfBvH9Huki',
  `nick_name` varchar(255) DEFAULT NULL,
  `user_img` varchar(255) DEFAULT NULL,
  `birthday` date DEFAULT NULL,
  `create_day` datetime NOT NULL,
  `last_date` datetime DEFAULT NULL,
  `qr_img` varchar(255) DEFAULT NULL,
  `mobile` varchar(255) DEFAULT NULL,
  `line_id` varchar(255) DEFAULT NULL,
  `postal_code` int DEFAULT NULL,
  `address` varchar(255) DEFAULT NULL,
  `recipient` varchar(255) DEFAULT NULL,
  `contact_number` varchar(255) DEFAULT NULL,
  `store_firm` varchar(255) DEFAULT NULL,
  `store_id` varchar(255) DEFAULT NULL,
  `history_id` int DEFAULT NULL,
  `note` varchar(255) DEFAULT NULL
) ENGINE=InnoDB DEFAULT CHARSET=utf8mb4 COLLATE=utf8mb4_0900_ai_ci;

--
-- 傾印資料表的資料 `userinfo`
--

INSERT INTO `userinfo` (`user_id`, `user_name`, `email`, `password`, `nick_name`, `user_img`, `birthday`, `create_day`, `last_date`, `qr_img`, `mobile`, `line_id`, `postal_code`, `address`, `recipient`, `contact_number`, `store_firm`, `store_id`, `history_id`, `note`) VALUES
(20240023, '賣草鞋的', 'alice@example.com', '7dcf407fa84a0e0519c7991154c4148de0244d7589020c0d9842db9efad82094', '活潑松鼠', 'image09.jpg', '1985-05-15', '2024-07-01 00:00:00', NULL, 'qr_code01.jpg', '0912345678', 'line_alice', 10001, '台北市', '王小明', '0912345678', '全家', '12345678', 1, 'Note here'),
(20240024, '嘟嘟', 'bob@example.com', '8bb4c01cc43f617ccfd1d4745b19b5a6030d15b12750b39d60479ae7504a7387', '神秘貓頭鷹', 'image02.jpg', '1992-03-22', '2024-07-01 00:00:00', NULL, 'qr_code02.jpg', '0912345679', 'line_bob', 20002, '新北市', '李華', '0912345679', '711', '23456789', 2, 'Note here'),
(20240025, '大膽曹賊', 'charlie@example.com', 'b2220233e90770a24fbb70547bffab2bacf447aecf6551bf9e3c8a016769cd7f', '優雅孔雀', 'image03.jpg', '1987-07-13', '2024-07-01 00:00:00', NULL, 'qr_code03.jpg', '0912345680', 'line_charlie', 30003, '桃園市', '陳大同', '0912345680', '萊爾富', '34567890', 3, 'Note here'),
(20240026, '孫家的', 'david@example.com', '61da1bf4b810347c76923eb525e4a29d410770807cbb4f560371d7509f55b78f', '靈巧狐狸', 'image04.jpg', '1995-10-30', '2024-07-01 00:00:00', NULL, 'qr_code04.jpg', '0912345681', 'line_david', 40004, '台中市', '張美麗', '0912345681', 'OK', '45678901', 4, 'Note here'),
(20240027, '三弟', 'eve@example.com', '2e338461aafd52d1978df6c609b25fd094e89d454e82fd87c86f8d40e743ea2f', '勇敢獅子', 'image05.jpg', '2000-01-20', '2024-07-01 00:00:00', NULL, 'qr_code05.jpg', '0912345682', 'line_eve', 50005, '台南市', '林俊傑', '0912345682', '全家', '56789012', 5, 'Note here'),
(20240028, '二哥', 'frank@example.com', 'bd83e5076d73480b48661c9220edc29f890e4113f7757b69683edee5c753a966', '魅惑豹', 'image06.jpg', '1988-04-25', '2024-07-01 00:00:00', NULL, 'qr_code06.jpg', '0912345683', 'line_frank', 60006, '高雄市', '黃小華', '0912345683', '711', '67890123', 6, 'Note here'),
(20240029, '子龍', 'grace@example.com', '7d1164dfc3783575e47abde7fea70cdbce9f77a7d75ebbf7d34b196fe2ea8ec2', '神聖箭', 'image07.jpg', '1991-09-09', '2024-07-01 00:00:00', NULL, 'qr_code07.jpg', '0912345684', 'line_grace', 70007, '基隆市', '周大志', '0912345684', '萊爾富', '78901234', 7, 'Note here'),
(20240030, '諸葛村夫', 'hannah@example.com', '46538aba4b44e223f69213017aad5f6894dffb7a78fa1cde7ea80371d350106f', '俏皮海獺', 'image08.jpg', '1983-11-27', '2024-07-01 00:00:00', NULL, 'qr_code08.jpg', '0912345685', 'line_hannah', 80008, '新竹市', '鄭麗娟', '0912345685', 'OK', '89012345', 8, 'Note here'),
(20240031, '趙小龍', 'isaac@example.com', 'b40719631cc05459f82bb41788aee341f7bcda4bb58d4657d60d524fef9349d6', '驚艷紅鶴', 'image01.jpg', '1994-02-14', '2024-07-01 00:00:00', NULL, 'qr_code09.jpg', '0912345686', 'line_isaac', 90009, '台中市', '趙小龍', '0912345686', '全家', '90123456', 9, 'Note here'),
(20240032, '劉小婷', 'jack@example.com', 'e9bd5c83d5f890bab491e1ddc17f9983f7ecc678de0d457f83c4ac1c19a366ce', '獨立貓', 'image01.jpg', '1986-12-01', '2024-07-01 00:00:00', NULL, 'qr_code10.jpg', '0912345687', 'line_jack', 10010, '台南市', '劉小婷', '0912345687', '711', '01234567', 10, 'Note here'),
(20240033, '徐建國', 'kate@example.com', '26254f06ab6f2dda8c89fe5a42a6a790ddcb8582046cc3a9fc8c6633d185052c', '強壯水牛', 'image01.jpg', '1990-06-16', '2024-07-01 00:00:00', NULL, 'qr_code11.jpg', '0912345688', 'line_kate', 20011, '高雄市', '徐建國', '0912345688', '萊爾富', '12345678', NULL, 'Note here'),
(20240034, '吳美珍', 'linda@example.com', 'df60f092d27e794f107542c9fa0396cdec9d95a36e9642188fba7f607d6f5533', '靜謐天鵝', 'image01.jpg', '1989-08-08', '2024-07-01 00:00:00', NULL, 'qr_code12.jpg', '0912345689', 'line_linda', 30012, '台北市', '吳美珍', '0912345689', 'OK', '23456789', NULL, 'Note here'),
(20240035, '何大海', 'mike@example.com', '45a5f5c40fcb4e2f998d446c5b9eb1295ae77fcf080d573f04a3f68c9af76137', '火焰劍', 'image01.jpg', '1997-04-01', '2024-07-01 00:00:00', NULL, 'qr_code13.jpg', '0912345690', 'line_mike', 40013, '新北市', '何大海', '0912345690', '全家', '34567890', NULL, 'Note here'),
(20240036, '高雅琴', 'nancy@example.com', '8fe8d13022752e11aa2fee544f3353fdc2cfda0b7130283a24c4d6699b6870cd', '雷電盾', 'image01.jpg', '1982-10-15', '2024-07-01 00:00:00', NULL, 'qr_code14.jpg', '0912345691', 'line_nancy', 50014, '桃園市', '高雅琴', '0912345691', '711', '45678901', NULL, 'Note here'),
(20240037, '梁志偉', 'oliver@example.com', '073598265fc480bf2312373e87bdab981fde31baf7dac0fcb368e130adfabccc', '黑暗匕首', 'image01.jpg', '1993-03-18', '2024-07-01 00:00:00', NULL, 'qr_code15.jpg', '0912345692', 'line_oliver', 60015, '台中市', '梁志偉', '0912345692', '萊爾富', '56789012', NULL, 'Note here'),
(20240038, '潘曉華', 'peter@example.com', '9880b747574af80a56f633b8a0e8c0d789f21928d42748abec59603d9cf53515', '魔法鎧', 'image01.jpg', '1984-07-07', '2024-07-01 00:00:00', NULL, 'qr_code16.jpg', '0912345693', 'line_peter', 70016, '台南市', '潘曉華', '0912345693', 'OK', '67890123', NULL, 'Note here'),
(20240039, '馮麗華', 'quincy@example.com', 'f22f7100aa20266be42e99e316daa020bc0aae3e653500a04692258458b1b10d', '冰霜矛', 'image01.jpg', '1998-12-24', '2024-07-01 00:00:00', NULL, 'qr_code17.jpg', '0912345694', 'line_quincy', 80017, '高雄市', '馮麗華', '0912345694', '全家', '78901234', NULL, 'Note here'),
(20240040, '曹建華', 'rachel@example.com', '8fad21ced0bdcfca7c69da3267b9c452376004c44c639e803e3098317a64ea02', '狂野鎚', 'image01.jpg', '1981-05-03', '2024-07-01 00:00:00', NULL, 'qr_code18.jpg', '0912345695', 'line_rachel', 90018, '基隆市', '曹建華', '0912345695', '711', '89012345', NULL, 'Note here'),
(20240041, '蔣小明', 'steve@example.com', '0751cfc3d65da7f440b8f5c1df2a9c5f79e893c4b6fa8a3b79b3ed00a154f6c7', '虛空劍', 'image01.jpg', '1996-08-29', '2024-07-01 00:00:00', NULL, 'qr_code19.jpg', '0912345696', 'line_steve', 10019, '新竹市', '蔣小明', '0912345696', '萊爾富', '90123456', NULL, 'Note here'),
(20240042, '楊小莉', 'tina@example.com', '8116b0dee91cc32f544cf9cbcf5fa7625a8609d79c8ba75f6cd92dd86ace687b', '迅捷靴', 'image01.jpg', '1999-01-11', '2024-07-01 00:00:00', NULL, 'qr_code20.jpg', '0912345697', 'line_tina', 20020, '台北市', '楊小莉', '0912345697', 'OK', '01234567', NULL, 'Note here'),
(20240043, '王一', 'alice1@example.com', '7dcf407fa84a0e0519c7991154c4148de0244d7589020c0d9842db9efad82094', '快樂海豚', 'image01.jpg', '1985-05-15', '2024-07-01 00:00:00', NULL, 'qr_code21.jpg', '0912345700', 'line_alice1', 10021, '台北市', '王一', '0912345700', '全家', '23456789', NULL, 'Note here'),
(20240044, '李二', 'bob1@example.com', '8bb4c01cc43f617ccfd1d4745b19b5a6030d15b12750b39d60479ae7504a7387', '神秘貓頭鷹', 'image01.jpg', '1992-03-22', '2024-07-01 00:00:00', NULL, 'qr_code22.jpg', '0912345701', 'line_bob1', 20022, '新北市', '李二', '0912345701', '711', '34567890', NULL, 'Note here'),
(20240045, '陳三', 'charlie1@example.com', 'b2220233e90770a24fbb70547bffab2bacf447aecf6551bf9e3c8a016769cd7f', '優雅孔雀', 'image01.jpg', '1987-07-13', '2024-07-01 00:00:00', NULL, 'qr_code23.jpg', '0912345702', 'line_charlie1', 30023, '桃園市', '陳三', '0912345702', '萊爾富', '45678901', NULL, 'Note here'),
(20240046, '張四', 'david1@example.com', '61da1bf4b810347c76923eb525e4a29d410770807cbb4f560371d7509f55b78f', '靈巧狐狸', 'image01.jpg', '1995-10-30', '2024-07-01 00:00:00', NULL, 'qr_code24.jpg', '0912345703', 'line_david1', 40024, '台中市', '張四', '0912345703', 'OK', '56789012', NULL, 'Note here'),
(20240047, '林五', 'eve1@example.com', '2e338461aafd52d1978df6c609b25fd094e89d454e82fd87c86f8d40e743ea2f', '勇敢獅子', 'image01.jpg', '2000-01-20', '2024-07-01 00:00:00', NULL, 'qr_code25.jpg', '0912345704', 'line_eve1', 50025, '台南市', '林五', '0912345704', '全家', '67890123', NULL, 'Note here'),
(20240048, '黃六', 'frank1@example.com', 'bd83e5076d73480b48661c9220edc29f890e4113f7757b69683edee5c753a966', '魅惑豹', 'image01.jpg', '1988-04-25', '2024-07-01 00:00:00', NULL, 'qr_code26.jpg', '0912345705', 'line_frank1', 60026, '高雄市', '黃六', '0912345705', '711', '78901234', NULL, 'Note here'),
(20240049, '周七', 'grace1@example.com', '7d1164dfc3783575e47abde7fea70cdbce9f77a7d75ebbf7d34b196fe2ea8ec2', '神聖箭', 'image01.jpg', '1991-09-09', '2024-07-01 00:00:00', NULL, 'qr_code27.jpg', '0912345706', 'line_grace1', 70027, '基隆市', '周七', '0912345706', '萊爾富', '89012345', NULL, 'Note here'),
(20240050, '鄭八', 'hannah1@example.com', '46538aba4b44e223f69213017aad5f6894dffb7a78fa1cde7ea80371d350106f', '俏皮海獺', 'image01.jpg', '1983-11-27', '2024-07-01 00:00:00', NULL, 'qr_code28.jpg', '0912345707', 'line_hannah1', 80028, '新竹市', '鄭八', '0912345707', 'OK', '90123456', NULL, 'Note here'),
(20240051, '趙九', 'isaac1@example.com', 'b40719631cc05459f82bb41788aee341f7bcda4bb58d4657d60d524fef9349d6', '驚艷紅鶴', 'image01.jpg', '1994-02-14', '2024-07-01 00:00:00', NULL, 'qr_code29.jpg', '0912345708', 'line_isaac1', 90029, '台中市', '趙九', '0912345708', '全家', '01234567', NULL, 'Note here'),
(20240052, '劉十', 'jack1@example.com', 'e9bd5c83d5f890bab491e1ddc17f9983f7ecc678de0d457f83c4ac1c19a366ce', '獨立貓', 'image01.jpg', '1986-12-01', '2024-07-01 00:00:00', NULL, 'qr_code30.jpg', '0912345709', 'line_jack1', 10030, '台南市', '劉十', '0912345709', '711', '12345678', NULL, 'Note here'),
(20240053, '汪品晉', 'kate1@example.com', '26254f06ab6f2dda8c89fe5a42a6a790ddcb8582046cc3a9fc8c6633d185052c', '強壯水牛', 'image01.jpg', '1990-06-16', '2024-07-01 00:00:00', NULL, 'qr_code31.jpg', '0912345710', 'line_kate1', 20031, '高雄市', '汪品晉', '0912345710', '萊爾富', '23456789', NULL, 'Note here'),
(20240054, '盧坤理', 'linda1@example.com', 'df60f092d27e794f107542c9fa0396cdec9d95a36e9642188fba7f607d6f5533', '靜謐天鵝', 'image01.jpg', '1989-08-08', '2024-07-01 00:00:00', NULL, 'qr_code32.jpg', '0912345711', 'line_linda1', 30032, '台北市', '盧坤理', '0912345711', 'OK', '34567890', NULL, 'Note here'),
(20240055, '洪修琦', 'mike1@example.com', '45a5f5c40fcb4e2f998d446c5b9eb1295ae77fcf080d573f04a3f68c9af76137', '火焰劍', 'image01.jpg', '1997-04-01', '2024-07-01 00:00:00', NULL, 'qr_code33.jpg', '0912345712', 'line_mike1', 40033, '新北市', '洪修琦', '0912345712', '全家', '45678901', NULL, 'Note here'),
(20240056, '張安瑄', 'nancy1@example.com', '8fe8d13022752e11aa2fee544f3353fdc2cfda0b7130283a24c4d6699b6870cd', '雷電盾', 'image01.jpg', '1982-10-15', '2024-07-01 00:00:00', NULL, 'qr_code34.jpg', '0912345713', 'line_nancy1', 50034, '桃園市', '張安瑄', '0912345713', '711', '56789012', NULL, 'Note here'),
(20240057, '林嬋美', 'oliver1@example.com', '073598265fc480bf2312373e87bdab981fde31baf7dac0fcb368e130adfabccc', '黑暗匕首', 'image01.jpg', '1993-03-18', '2024-07-01 00:00:00', NULL, 'qr_code35.jpg', '0912345714', 'line_oliver1', 60035, '台中市', '林嬋美', '0912345714', '萊爾富', '67890123', NULL, 'Note here'),
(20240058, '劉敬景', 'peter1@example.com', '9880b747574af80a56f633b8a0e8c0d789f21928d42748abec59603d9cf53515', '魔法鎧', 'image01.jpg', '1984-07-07', '2024-07-01 00:00:00', NULL, 'qr_code36.jpg', '0912345715', 'line_peter1', 70036, '台南市', '劉敬景', '0912345715', 'OK', '78901234', NULL, 'Note here'),
(20240059, '鄧凡瑋', 'quincy1@example.com', 'f22f7100aa20266be42e99e316daa020bc0aae3e653500a04692258458b1b10d', '冰霜矛', 'image01.jpg', '1998-12-24', '2024-07-01 00:00:00', NULL, 'qr_code37.jpg', '0912345716', 'line_quincy1', 80037, '高雄市', '鄧凡瑋', '0912345716', '全家', '89012345', NULL, 'Note here'),
(20240060, '范任良', 'rachel1@example.com', '8fad21ced0bdcfca7c69da3267b9c452376004c44c639e803e3098317a64ea02', '狂野鎚', 'image01.jpg', '1981-05-03', '2024-07-01 00:00:00', NULL, 'qr_code38.jpg', '0912345717', 'line_rachel1', 90038, '基隆市', '范任良', '0912345717', '711', '90123456', NULL, 'Note here'),
(20240061, '廖孝安', 'sam1@example.com', '0751cfc3d65da7f440b8f5c1df2a9c5f79e893c4b6fa8a3b79b3ed00a154f6c7', '迅捷弓', 'image01.jpg', '1996-08-29', '2024-07-01 00:00:00', NULL, 'qr_code39.jpg', '0912345718', 'line_sam1', 10039, '新竹市', '廖孝安', '0912345718', '萊爾富', '01234567', NULL, 'Note here'),
(20240062, '林瑤黛', 'tina1@example.com', '8116b0dee91cc32f544cf9cbcf5fa7625a8609d79c8ba75f6cd92dd86ace687b', '閃電矛', 'image01.jpg', '1999-01-11', '2024-07-01 00:00:00', NULL, 'qr_code40.jpg', '0912345719', 'line_tina1', 20040, '台北市', '林瑤黛', '0912345719', 'OK', '12345678', NULL, 'Note here'),
(20240063, '江恆恩', 'ursula1@example.com', '3a1f3d21393be4b8e74e39955b2c2a3512e10830bd78d30f3cb1454e0df13c3f', '烈焰弓', 'image01.jpg', '1992-04-21', '2024-07-01 00:00:00', NULL, 'qr_code41.jpg', '0912345720', 'line_ursula1', 30041, '新北市', '江恆恩', '0912345720', '全家', '23456789', NULL, 'Note here'),
(20240064, '程均棟', 'victor1@example.com', '34464be34dd678136545b97ea5833c4740a8fc7095597e60fa16c5bb0d1ef7f1', '暗影盾', 'image01.jpg', '1988-12-30', '2024-07-01 00:00:00', NULL, 'qr_code42.jpg', '0912345721', 'line_victor1', 40042, '桃園市', '程均棟', '0912345721', '711', '34567890', NULL, 'Note here'),
(20240065, '賴容文', 'wendy1@example.com', '82bd9486604046d9b3955a6983d924bfc1ecfd6489a0e48189e3cb653a6854a2', '光明劍', 'image01.jpg', '1984-09-17', '2024-07-01 00:00:00', NULL, 'qr_code43.jpg', '0912345722', 'line_wendy1', 50043, '台中市', '賴容文', '0912345722', '萊爾富', '23456789', NULL, 'Note here'),
(20240636, '涂慶萬', 'alice12@example.com', '7dcf407fa84a0e0519c7991154c4148de0244d7589020c0d9842db9efad82094', '快樂海豚', 'image01.jpg', '1985-05-15', '2024-07-01 00:00:00', NULL, 'qr_code44.jpg', '0912445709', 'line_alice12', 10001, '台北市', '涂慶萬', '0912445709', '全家', '23456789', NULL, 'Note here'),
(20240637, '陳依修', 'bob12@example.com', '8bb4c01cc43f617ccfd1d4745b19b5a6030d15b12750b39d60479ae7504a7387', '神秘貓頭鷹', 'image01.jpg', '1992-03-22', '2024-07-01 00:00:00', NULL, 'qr_code45.jpg', '0910045701', 'line_bob12', 10002, '新北市', '陳依修', '0910045701', '711', '34567890', NULL, 'Note here'),
(20240638, '曾業樂', 'charlie12@example.com', 'b2220233e90770a24fbb70547bffab2bacf447aecf6551bf9e3c8a016769cd7f', '優雅孔雀', 'image01.jpg', '1987-07-13', '2024-07-01 00:00:00', NULL, 'qr_code46.jpg', '0910045702', 'line_charlie12', 10003, '桃園市', '曾業樂', '0910045702', '萊爾富', '45678901', NULL, 'Note here'),
(20240639, '鐘淑瑤', 'david12@example.com', '61da1bf4b810347c76923eb525e4a29d410770807cbb4f560371d7509f55b78f', '靈活狐貍', 'image01.jpg', '1994-11-02', '2024-07-01 00:00:00', NULL, 'qr_code47.jpg', '0910045703', 'line_david12', 10004, '台中市', '鐘淑瑤', '0910045703', 'OK', '56789012', NULL, 'Note here'),
(20240640, '田尹悦', 'ella12@example.com', '2e338461aafd52d1978df6c609b25fd094e89d454e82fd87c86f8d40e743ea2f', '勇敢鯨魚', 'image01.jpg', '1990-08-19', '2024-07-01 00:00:00', NULL, 'qr_code48.jpg', '0910045704', 'line_ella12', 10005, '台南市', '田尹悦', '0910045704', '全家', '67890100', NULL, 'Note here'),
(20240641, '陳昱璐', 'frank12@example.com', 'bd83e5076d73480b48661c9220edc29f890e4113f7757b69683edee5c753a966', '溫暖熊貓', 'image01.jpg', '1997-04-10', '2024-07-01 00:00:00', NULL, 'qr_code49.jpg', '0910045705', 'line_frank12', 10006, '高雄市', '陳昱璐', '0910045705', '711', '78901004', NULL, 'Note here'),
(20240642, '詹睿育', 'george12@example.com', '7d1164dfc3783575e47abde7fea70cdbce9f77a7d75ebbf7d34b196fe2ea8ec2', '聰明狗狗', 'image01.jpg', '1983-06-24', '2024-07-01 00:00:00', NULL, 'qr_code50.jpg', '0910045706', 'line_george12', 10007, '基隆市', '詹睿育', '0910045706', '萊爾富', '89010045', NULL, 'Note here'),
(20240643, '羅峯瑞', 'hannah12@example.com', 'fd7b620c35cb32eb0336b9906b46834864413c8737f7460fc3dce560c94a1a86', '堅強獅子', 'image01.jpg', '1988-09-01', '2024-07-01 00:00:00', NULL, 'qr_code51.jpg', '0910045707', 'line_hannah12', 10008, '新竹市', '羅峯瑞', '0910045707', 'OK', '90100456', NULL, 'Note here'),
(20240644, '吳恆雲', 'ian12@example.com', '84de69d49eca0b7f004a3fd764ab350d312f83b59d885b28c719dfd5620a8df3', '敏捷豹', 'image01.jpg', '1991-01-28', '2024-07-01 00:00:00', NULL, 'qr_code52.jpg', '0910045708', 'line_ian12', 10009, '嘉義市', '吳恆雲', '0910045708', '全家', '01004567', NULL, 'Note here'),
(20240645, '方杉樂', 'jane12@example.com', 'fc618beca8c6779999d83c2038faa2a508a3c2df7056988d732a269679d1bc53', '迅捷狼', 'image01.jpg', '1995-12-14', '2024-07-01 00:00:00', NULL, 'qr_code53.jpg', '0910045709', 'line_jane12', 10010, '苗栗縣', '方杉樂', '0910045709', '711', '10045678', NULL, 'Note here'),
(20240646, '劉洢濤', 'kevin12@example.com', '2536c5cd548e0bc5b7a644abd2efc9f9d867593364d6831f55aa8cf89da380f1', '英勇鷹', 'image01.jpg', '1986-03-09', '2024-07-01 00:00:00', NULL, 'qr_code54.jpg', '0910045710', 'line_kevin12', 10011, '彰化縣', '劉洢濤', '0910045710', '萊爾富', '23456789', NULL, 'Note here'),
(20240647, '林君樹', 'laura12@example.com', '047bba255ef8d9752e8a4dbb8cf6bd0a88d82a581fb215341e1117d890872b12', '睿智鷹', 'image01.jpg', '1984-10-21', '2024-07-01 00:00:00', NULL, 'qr_code55.jpg', '0910045711', 'line_laura21', 10012, '南投縣', '林君樹', '0910045711', 'OK', '34567890', NULL, 'Note here'),
(20240648, '陳禧運', 'michael12@example.com', '8275e063ba10f070282d27284b32f5db5379013757c6965e5a74c5b86ac05689', '威猛虎', 'image01.jpg', '1998-05-27', '2024-07-01 00:00:00', NULL, 'qr_code56.jpg', '0910045712', 'line_michael12', 10013, '雲林縣', '陳禧運', '0910045712', '全家', '45678901', NULL, 'Note here'),
(20240649, '曾然玉', 'nancy12@example.com', '17e25f9af239c703f62cb286a55454019785761621ace760bbcfdedb064a1a7c', '靈巧蛇', 'image01.jpg', '1989-12-11', '2024-07-01 00:00:00', NULL, 'qr_code57.jpg', '0910045713', 'line_nancy12', 10014, '台東縣', '曾然玉', '0910045713', '711', '56789012', NULL, 'Note here'),
(20240650, '巫冉孝', 'oscar12@example.com', '34dd923cc3af58d2a5a534fbeb66a9d4f6384eaa50689930b4a51be53b8e261c', '魅力狐', 'image01.jpg', '1981-07-03', '2024-07-01 00:00:00', NULL, 'qr_code58.jpg', '0910045714', 'line_oscar12', 10015, '花蓮縣', '巫冉孝', '0910045714', '萊爾富', '67890100', NULL, 'Note here'),
(20240651, '吳俊濤', 'paul12@example.com', '899496ec6ab74a871a8edd71f0ea3cb1e6c5aa2d76cae5331c7feaa7933a182b', '無畏豹', 'image01.jpg', '1983-08-17', '2024-07-01 00:00:00', NULL, 'qr_code59.jpg', '0910045715', 'line_paul12', 10016, '宜蘭縣', '吳俊濤', '0910045715', 'OK', '78901004', NULL, 'Note here'),
(20240652, '王興雅', 'quincy12@example.com', 'fb038f65fb096838c1cd69b5486cce9f0e21996e02f2787dd1df6b702732df18', '迅捷魚', 'image01.jpg', '1990-11-30', '2024-07-01 00:00:00', NULL, 'qr_code60.jpg', '0910045716', 'line_quincy12', 10017, '屏東縣', '王興雅', '0910045716', '全家', '89010045', NULL, 'Note here'),
(20240653, '童博奕', 'rose12@example.com', '21acf8aba212f3e66cd5056dd756fb76b5028ef003e9cb8ed2bd8787dfeb9670', '敏捷兔', 'image01.jpg', '1987-09-16', '2024-07-01 00:00:00', NULL, 'qr_code61.jpg', '0910045717', 'line_rose12', 10018, '澎湖縣', '童博奕', '0910045717', '711', '90100456', NULL, 'Note here'),
(20240654, '尤帆筱', 'steve12@example.com', '13b2846e97048500d71a6b72351d54edc941e42c72b43fad110244a0136e4655', '智勇鷹', 'image01.jpg', '1991-02-05', '2024-07-01 00:00:00', NULL, 'qr_code62.jpg', '0910045718', 'line_steve12', 10019, '金門縣', '尤帆筱', '0910045718', '萊爾富', '01004567', NULL, 'Note here'),
(20240655, '蔡嚴義', 'tina12@example.com', 'df0f35a1f854581dcb7131afbb5d7094b082f4fd6192f368341294a2d41aa89b', '優雅鹿', 'image01.jpg', '1986-12-20', '2024-07-01 00:00:00', NULL, 'qr_code63.jpg', '0910045719', 'line_tina12', 10020, '連江縣', '蔡嚴義', '0910045719', 'OK', '10045678', NULL, 'Note here'),
(20240656, '葉城穎', 'uma12@example.com', '46538aba4b44e223f69213017aad5f6894dffb7a78fa1cde7ea80371d350106f', '智慧羊', 'image01.jpg', '1993-06-07', '2024-07-01 00:00:00', NULL, 'qr_code64.jpg', '0910045720', 'line_uma12', 10021, '台北市', '葉城穎', '0910045720', '全家', '23456789', NULL, 'Note here'),
(20240657, '許功銘', 'vince12@example.com', 'b40719631cc05459f82bb41788aee341f7bcda4bb58d4657d60d524fef9349d6', '靈巧鷹', 'image01.jpg', '1988-04-19', '2024-07-01 00:00:00', NULL, 'qr_code65.jpg', '0910045721', 'line_vince12', 10022, '新北市', '許功銘', '0910045721', '711', '34567890', NULL, 'Note here'),
(20240658, '吳元晨', 'wanda12@example.com', 'e9bd5c83d5f890bab491e1ddc17f9983f7ecc678de0d457f83c4ac1c19a366ce', '聰明魚', 'image01.jpg', '1990-01-14', '2024-07-01 00:00:00', NULL, 'qr_code66.jpg', '0910045722', 'line_wanda12', 10023, '桃園市', '吳元晨', '0910045722', '萊爾富', '45678901', NULL, 'Note here'),
(20240659, '詹海清', 'xander12@example.com', '26254f06ab6f2dda8c89fe5a42a6a790ddcb8582046cc3a9fc8c6633d185052c', '迅捷兔', 'image01.jpg', '1989-10-27', '2024-07-01 00:00:00', NULL, 'qr_code67.jpg', '0910045723', 'line_xander12', 10024, '台中市', '詹海清', '0910045723', 'OK', '56789012', NULL, 'Note here'),
(20240660, '蔡思辛', 'yara12@example.com', 'df60f092d27e794f107542c9fa0396cdec9d95a36e9642188fba7f607d6f5533', '靈活虎', 'image01.jpg', '1985-03-11', '2024-07-01 00:00:00', NULL, 'qr_code68.jpg', '0910045724', 'line_yara12', 10025, '台南市', '蔡思辛', '0910045724', '全家', '67890100', NULL, 'Note here'),
(20240661, '陳慧揚', 'zack12@example.com', '45a5f5c40fcb4e2f998d446c5b9eb1295ae77fcf080d573f04a3f68c9af76137', '優雅狐', 'image01.jpg', '1997-08-03', '2024-07-01 00:00:00', NULL, 'qr_code69.jpg', '0910045725', 'line_zack12', 10026, '高雄市', '陳慧揚', '0910045725', '711', '78901004', NULL, 'Note here'),
(20240662, '張勳慈', 'alice2@example.com', '705164cf38ca5abcb84534584882b5f18719ba9d34bd07e710afa234d44e9196', '勇敢熊', 'image01.jpg', '1983-11-19', '2024-07-01 00:00:00', NULL, 'qr_code70.jpg', '0910045726', 'line_alice2', 10027, '基隆市', '張勳慈', '0910045726', '萊爾富', '89010045', NULL, 'Note here'),
(20240663, '姜光瞻', 'bob2@example.com', '59a0772c22c1216d167e98cebc861a67eee8ed3745dd7ff8ac51688cb7630281', '敏捷狗', 'image01.jpg', '1986-07-22', '2024-07-01 00:00:00', NULL, 'qr_code71.jpg', '0910045727', 'line_bob2', 10028, '新竹市', '姜光瞻', '0910045727', 'OK', '90100456', NULL, 'Note here'),
(20240664, '王益碧', 'charlie2@example.com', '3a6a6a6d40a49598741f80ba98c238e6dd762105aac7c01c21a38611b754dae6', '堅強豹', 'image01.jpg', '1994-02-15', '2024-07-01 00:00:00', NULL, 'qr_code72.jpg', '0910045728', 'line_charlie2', 10029, '嘉義市', '王益碧', '0910045728', '全家', '01004567', NULL, 'Note here'),
(20240665, '黃悟業', 'david2@example.com', '470651bce7e5e8be428616384b7462bf151401d26edeee65f4848ab64bab9f16', '靈活羊', 'image01.jpg', '1982-05-12', '2024-07-01 00:00:00', NULL, 'qr_code73.jpg', '0910045729', 'line_david2', 10030, '苗栗縣', '黃悟業', '0910045729', '711', '10045678', NULL, 'Note here'),
(20240666, '杜優榕', 'ella2@example.com', '71af46c4449e604fa3d467a731e50ff7a8cfc0c64aea95eddfdcebd999b675f0', '溫暖魚', 'image01.jpg', '1989-09-28', '2024-07-01 00:00:00', NULL, 'qr_code74.jpg', '0910045730', 'line_ella2', 10031, '彰化縣', '杜優榕', '0910045730', '萊爾富', '23456789', NULL, 'Note here'),
(20240667, '周採聰', 'frank2@example.com', 'c4fdb9df6a75a0cd791757492de99080bcde74f6150f58406f3c764c2102ce19', '威猛豹', 'image01.jpg', '1984-12-01', '2024-07-01 00:00:00', NULL, 'qr_code75.jpg', '0910045731', 'line_frank2', 10032, '南投縣', '周採聰', '0910045731', 'OK', '34567890', NULL, 'Note here'),
(20240668, '童常晗', 'george2@example.com', '86a391786640b653431af1f9f154d433fcd59fe42b4b64f2a830737eb44f9327', '迅捷兔', 'image01.jpg', '1992-08-11', '2024-07-01 00:00:00', NULL, 'qr_code76.jpg', '0910045732', 'line_george2', 10033, '雲林縣', '童常晗', '0910045732', '全家', '45678901', NULL, 'Note here'),
(20240669, '阮歆石', 'hannah2@example.com', '8e1d5a53144486defef5c8ccf8d98eade1e2ed01d2f9dbfff5cac3f1e953e2e7', '聰明豬', 'image01.jpg', '1988-04-05', '2024-07-01 00:00:00', NULL, 'qr_code77.jpg', '0910045733', 'line_hannah2', 10034, '台東縣', '阮歆石', '0910045733', '711', '56789012', NULL, 'Note here'),
(20240670, '廖禎越', 'ian2@example.com', '4a8fd1b5f40bc39ba88b40de5bfa50fd0dca1484ef37703580cb6a4ff807eeea', '無畏獅', 'image01.jpg', '1996-06-13', '2024-07-01 00:00:00', NULL, 'qr_code78.jpg', '0910045734', 'line_ian2', 10035, '花蓮縣', '廖禎越', '0910045734', '萊爾富', '67890100', NULL, 'Note here'),
(20240671, '詹卿欣', 'jane2@example.com', '0811b4d20b26494e099e487b49bb68af39f8e0a9eb364a66e56f3c2f8ceebcdd', '智勇鹿', 'image01.jpg', '1981-01-24', '2024-07-01 00:00:00', NULL, 'qr_code79.jpg', '0910045735', 'line_jane2', 10036, '宜蘭縣', '詹卿欣', '0910045735', 'OK', '78901004', NULL, 'Note here'),
(20240672, '楊利康', 'kevin2@example.com', '0c0da9963af3f12d216d641c0d5e7ab4edb1e82f86bf53a1d044c9b350898f0e', '靈巧熊', 'image01.jpg', '1987-10-09', '2024-07-01 00:00:00', NULL, 'qr_code80.jpg', '0910045736', 'line_kevin2', 10037, '屏東縣', '楊利康', '0910045736', '全家', '89010045', NULL, 'Note here'),
(20240673, '錢睿韻', 'laura2@example.com', '92afdf02f31024faad03b6925a529857fef62e8621c1d21389a9a7b0391b8199', '勇敢狐', 'image01.jpg', '1995-05-18', '2024-07-01 00:00:00', NULL, 'qr_code81.jpg', '0910045737', 'line_laura2', 10038, '澎湖縣', '錢睿韻', '0910045737', '711', '90100456', NULL, 'Note here'),
(20240674, '謝喧熹', 'michael2@example.com', '5f9f87b7b71165d17ca2991739ab0be08769674f2f67b562ddc85472f004235d', '迅捷狗', 'image01.jpg', '1986-12-23', '2024-07-01 00:00:00', NULL, 'qr_code82.jpg', '0910045738', 'line_michael2', 10039, '金門縣', '謝喧熹', '0910045738', '萊爾富', '01004567', NULL, 'Note here'),
(20240675, '鄒利艾', 'nancy2@example.com', '2d44326ea46d18cf834f4db43c3a39e5e6f70494ffbbccf33349d8e07e2549dc', '溫暖鷹', 'image01.jpg', '1991-09-14', '2024-07-01 00:00:00', NULL, 'qr_code83.jpg', '0910045739', 'line_nancy2', 10040, '連江縣', '鄒利艾', '0910045739', 'OK', '10045678', NULL, 'Note here'),
(20240676, '傅以研', 'oscar2@example.com', '5e6f328a05a3a59b1650f02debbd1e00d3fdd2bd32b5fae2e9b39eaff13bb7c6', '靈活豹', 'image01.jpg', '1998-03-27', '2024-07-01 00:00:00', NULL, 'qr_code84.jpg', '0910045740', 'line_oscar2', 10041, '台北市', '傅以研', '0910045740', '全家', '23456789', NULL, 'Note here'),
(20240677, '戴湘美', 'paul2@example.com', '9880b747574af80a56f633b8a0e8c0d789f21928d42748abec59603d9cf53515', '優雅魚', 'image01.jpg', '1990-08-10', '2024-07-01 00:00:00', NULL, 'qr_code85.jpg', '0910045741', 'line_paul2', 10042, '新北市', '戴湘美', '0910045741', '711', '34567890', NULL, 'Note here'),
(20240678, '巫添莘', 'quincy2@example.com', 'f22f7100aa20266be42e99e316daa020bc0aae3e653500a04692258458b1b10d', '無畏鹿', 'image01.jpg', '1985-04-12', '2024-07-01 00:00:00', NULL, 'qr_code86.jpg', '0910045742', 'line_quincy2', 10043, '桃園市', '巫添莘', '0910045742', '萊爾富', '45678901', NULL, 'Note here'),
(20240679, '張彬温', 'rose2@example.com', '8fad21ced0bdcfca7c69da3267b9c452376004c44c639e803e3098317a64ea02', '智勇狗', 'image01.jpg', '1997-11-21', '2024-07-01 00:00:00', NULL, 'qr_code87.jpg', '0910045743', 'line_rose2', 10044, '台中市', '張彬温', '0910045743', 'OK', '56789012', NULL, 'Note here'),
(20240680, '翁儀昀', 'steve2@example.com', '0751cfc3d65da7f440b8f5c1df2a9c5f79e893c4b6fa8a3b79b3ed00a154f6c7', '靈巧獅', 'image01.jpg', '1984-06-04', '2024-07-01 00:00:00', NULL, 'qr_code88.jpg', '0910045744', 'line_steve2', 10045, '台南市', '翁儀昀', '0910045744', '全家', '67890100', NULL, 'Note here'),
(20240681, '邱保裕', 'tina2@example.com', '8116b0dee91cc32f544cf9cbcf5fa7625a8609d79c8ba75f6cd92dd86ace687b', '勇敢豹', 'image01.jpg', '1993-03-09', '2024-07-01 00:00:00', NULL, 'qr_code89.jpg', '0910045745', 'line_tina2', 10046, '高雄市', '邱保裕', '0910045745', '711', '78901004', NULL, 'Note here'),
(20240682, '陳寒邦', 'uma2@example.com', '3a1f3d21393be4b8e74e39955b2c2a3512e10830bd78d30f3cb1454e0df13c3f', '敏捷羊', 'image01.jpg', '1988-01-14', '2024-07-01 00:00:00', NULL, 'qr_code90.jpg', '0910045746', 'line_uma2', 10047, '基隆市', '陳寒邦', '0910045746', '萊爾富', '89010045', NULL, 'Note here'),
(20240683, '黃家琴', 'vince2@example.com', '34464be34dd678136545b97ea5833c4740a8fc7095597e60fa16c5bb0d1ef7f1', '溫暖豬', 'image01.jpg', '1994-05-19', '2024-07-01 00:00:00', NULL, 'qr_code91.jpg', '0910045747', 'line_vince2', 10048, '新竹市', '黃家琴', '0910045747', 'OK', '90100456', NULL, 'Note here'),
(20240684, '袁又珊', 'wanda2@example.com', '82bd9486604046d9b3955a6983d924bfc1ecfd6489a0e48189e3cb653a6854a2', '無畏兔', 'image01.jpg', '1998-02-27', '2024-07-01 00:00:00', NULL, 'qr_code92.jpg', '0910045748', 'line_wanda2', 10049, '嘉義市', '袁又珊', '0910045748', '全家', '01004567', NULL, 'Note here'),
(20240685, '楊暉曄', 'xander2@example.com', '1a5a5bb8fee6cc910671bf1cfb056a0b47559ef0366d2394840b67dd43e27a8c', '迅捷魚', 'image01.jpg', '1986-08-21', '2024-07-01 00:00:00', NULL, 'qr_code93.jpg', '0910045749', 'line_xander2', 10050, '苗栗縣', '楊暉曄', '0910045749', '711', '10045678', NULL, 'Note here'),
(20240686, '余威澍', 'yara2@example.com', 'fbbba24908c567a31cc9153c3f5e3cc5d58868eaeb343ee0f5587dc63eb6f300', '智勇狐', 'image01.jpg', '1983-11-05', '2024-07-01 00:00:00', NULL, 'qr_code94.jpg', '0910045750', 'line_yara2', 10051, '彰化縣', '余威澍', '0910045750', '萊爾富', '23456789', NULL, 'Note here'),
(20240687, '黃千珈', 'zack2@example.com', 'ec8ba3b5db49048febb723fc9528306a97ccd6c25d3410952837c149f14c197b', '勇敢豹', 'image01.jpg', '1991-07-14', '2024-07-01 00:00:00', NULL, 'qr_code95.jpg', '0910045751', 'line_zack2', 10052, '南投縣', '黃千珈', '0910045751', 'OK', '34567890', NULL, 'Note here'),
(20240688, '陳展暢', 'alice3@example.com', 'd37870230f856d2b8cc26f0e294eaa63c11432a756cd8b6f91efd0e0066ca62a', '迅捷狗', 'image01.jpg', '1988-12-30', '2024-07-01 00:00:00', NULL, 'qr_code96.jpg', '0910045752', 'line_alice3', 10053, '雲林縣', '陳展暢', '0910045752', '全家', '45678901', NULL, 'Note here'),
(20240689, '馬孝採', 'bob3@example.com', '7d121cdb10412bb7ab33a8a572137c1446e5254c5234b56f0d6516b5337fd470', '靈巧兔', 'image01.jpg', '1992-10-18', '2024-07-01 00:00:00', NULL, 'qr_code97.jpg', '0910045753', 'line_bob3', 10054, '台東縣', '馬孝採', '0910045753', '711', '56789012', NULL, 'Note here'),
(20240690, '梁顯均', 'charlie3@example.com', 'e2e7510aaf9edb287dc970b02edf99adb0bc4e25bd1b45826c23fa290b3dbe8b', '無畏羊', 'image01.jpg', '1987-06-20', '2024-07-01 00:00:00', NULL, 'qr_code98.jpg', '0910045754', 'line_charlie3', 10055, '花蓮縣', '梁顯均', '0910045754', '萊爾富', '67890100', NULL, 'Note here'),
(20240691, '陳勵達', 'david3@example.com', 'a91944a33b9bd73b78ff6ea6dc929b94440d9b717de11b0f9b8d224082ab7805', '智勇鹿', 'image01.jpg', '1996-01-15', '2024-07-01 00:00:00', NULL, 'qr_code99.jpg', '0910045755', 'line_david3', 10056, '宜蘭縣', '陳勵達', '0910045755', 'OK', '78901004', NULL, 'Note here'),
(20240692, '馮宣毓', 'ella3@example.com', '7eab57f8884cba251b53de7140317c0dcc77cd7e41b164cf49a1687816ce8eec', '溫暖熊', 'image01.jpg', '1990-09-26', '2024-07-01 00:00:00', NULL, 'qr_code100.jpg', '0910045756', 'line_ella3', 10057, '屏東縣', '馮宣毓', '0910045756', '全家', '89010045', NULL, 'Note here'),
(20240978, '涂慶萬', 'alice12@email.com', '7dcf407fa84a0e0519c7991154c4148de0244d7589020c0d9842db9efad82094', '快樂海豚', 'image01.jpg', '1985-05-15', '2024-07-01 00:00:00', NULL, 'qr_code144.jpg', '0914445709', 'line_aalice12', 10001, '台北市', '涂慶萬', '0914445709', '全家', '23456789', NULL, 'Note here'),
(20240979, '陳依修', 'bob12@email.com', '8bb4c01cc43f617ccfd1d4745b19b5a6030d15b12750b39d60479ae7504a7387', '神秘貓頭鷹', 'image01.jpg', '1992-03-22', '2024-07-01 00:00:00', NULL, 'qr_code145.jpg', '0977745701', 'line_abob12', 10002, '新北市', '陳依修', '0977745701', '711', '34567890', NULL, 'Note here'),
(20240980, '曾業樂', 'charlie12@email.com', 'b2220233e90770a24fbb70547bffab2bacf447aecf6551bf9e3c8a016769cd7f', '優雅孔雀', 'image01.jpg', '1987-07-13', '2024-07-01 00:00:00', NULL, 'qr_code146.jpg', '0977745702', 'line_acharlie12', 10003, '桃園市', '曾業樂', '0977745702', '萊爾富', '45678901', NULL, 'Note here'),
(20240981, '鐘淑瑤', 'david12@email.com', '61da1bf4b810347c76923eb525e4a29d410770807cbb4f560371d7509f55b78f', '靈活狐貍', 'image01.jpg', '1994-11-02', '2024-07-01 00:00:00', NULL, 'qr_code147.jpg', '0977745703', 'line_adavid12', 10004, '台中市', '鐘淑瑤', '0977745703', 'OK', '56789012', NULL, 'Note here'),
(20240982, '田尹悦', 'ella12@email.com', '2e338461aafd52d1978df6c609b25fd094e89d454e82fd87c86f8d40e743ea2f', '勇敢鯨魚', 'image01.jpg', '1990-08-19', '2024-07-01 00:00:00', NULL, 'qr_code148.jpg', '0977745704', 'line_aella12', 10005, '台南市', '田尹悦', '0977745704', '全家', '67890100', NULL, 'Note here'),
(20240983, '陳昱璐', 'frank12@email.com', 'bd83e5076d73480b48661c9220edc29f890e4113f7757b69683edee5c753a966', '溫暖熊貓', 'image01.jpg', '1997-04-10', '2024-07-01 00:00:00', NULL, 'qr_code149.jpg', '0977745705', 'line_afrank12', 10006, '高雄市', '陳昱璐', '0977745705', '711', '78901004', NULL, 'Note here'),
(20240984, '詹睿育', 'george12@email.com', '7d1164dfc3783575e47abde7fea70cdbce9f77a7d75ebbf7d34b196fe2ea8ec2', '聰明狗狗', 'image01.jpg', '1983-06-24', '2024-07-01 00:00:00', NULL, 'qr_code150.jpg', '0977745706', 'line_ageorge12', 10007, '基隆市', '詹睿育', '0977745706', '萊爾富', '89010045', NULL, 'Note here'),
(20240985, '羅峯瑞', 'hannah12@email.com', 'fd7b620c35cb32eb0336b9906b46834864413c8737f7460fc3dce560c94a1a86', '堅強獅子', 'image01.jpg', '1988-09-01', '2024-07-01 00:00:00', NULL, 'qr_code151.jpg', '0977745707', 'line_ahannah12', 10008, '新竹市', '羅峯瑞', '0977745707', 'OK', '90100456', NULL, 'Note here'),
(20240986, '吳恆雲', 'ian12@email.com', '84de69d49eca0b7f004a3fd764ab350d312f83b59d885b28c719dfd5620a8df3', '敏捷豹', 'image01.jpg', '1991-01-28', '2024-07-01 00:00:00', NULL, 'qr_code152.jpg', '0977745708', 'line_aian12', 10009, '嘉義市', '吳恆雲', '0977745708', '全家', '01004567', NULL, 'Note here'),
(20240987, '方杉樂', 'jane12@email.com', 'fc618beca8c6779999d83c2038faa2a508a3c2df7056988d732a269679d1bc53', '迅捷狼', 'image01.jpg', '1995-12-14', '2024-07-01 00:00:00', NULL, 'qr_code153.jpg', '0977745709', 'line_ajane12', 10010, '苗栗縣', '方杉樂', '0977745709', '711', '10045678', NULL, 'Note here'),
(20240988, '劉洢濤', 'kevin12@email.com', '2536c5cd548e0bc5b7a644abd2efc9f9d867593364d6831f55aa8cf89da380f1', '英勇鷹', 'image01.jpg', '1986-03-09', '2024-07-01 00:00:00', NULL, 'qr_code154.jpg', '0977745710', 'line_akevin12', 10011, '彰化縣', '劉洢濤', '0977745710', '萊爾富', '23456789', NULL, 'Note here'),
(20240989, '林君樹', 'laura12@email.com', '047bba255ef8d9752e8a4dbb8cf6bd0a88d82a581fb215341e1117d890872b12', '睿智鷹', 'image01.jpg', '1984-10-21', '2024-07-01 00:00:00', NULL, 'qr_code155.jpg', '0977745711', 'line_alaura21', 10012, '南投縣', '林君樹', '0977745711', 'OK', '34567890', NULL, 'Note here'),
(20240990, '陳禧運', 'michael12@email.com', '8275e063ba10f070282d27284b32f5db5379013757c6965e5a74c5b86ac05689', '威猛虎', 'image01.jpg', '1998-05-27', '2024-07-01 00:00:00', NULL, 'qr_code156.jpg', '0977745712', 'line_amichael12', 10013, '雲林縣', '陳禧運', '0977745712', '全家', '45678901', NULL, 'Note here'),
(20240991, '曾然玉', 'nancy12@email.com', '17e25f9af239c703f62cb286a55454019785761621ace760bbcfdedb064a1a7c', '靈巧蛇', 'image01.jpg', '1989-12-11', '2024-07-01 00:00:00', NULL, 'qr_code157.jpg', '0977745713', 'line_anancy12', 10014, '台東縣', '曾然玉', '0977745713', '711', '56789012', NULL, 'Note here'),
(20240992, '巫冉孝', 'oscar12@email.com', '34dd923cc3af58d2a5a534fbeb66a9d4f6384eaa50689930b4a51be53b8e261c', '魅力狐', 'image01.jpg', '1981-07-03', '2024-07-01 00:00:00', NULL, 'qr_code158.jpg', '0977745714', 'line_aoscar12', 10015, '花蓮縣', '巫冉孝', '0977745714', '萊爾富', '67890100', NULL, 'Note here'),
(20240993, '吳俊濤', 'paul12@email.com', '899496ec6ab74a871a8edd71f0ea3cb1e6c5aa2d76cae5331c7feaa7933a182b', '無畏豹', 'image01.jpg', '1983-08-17', '2024-07-01 00:00:00', NULL, 'qr_code159.jpg', '0977745715', 'line_apaul12', 10016, '宜蘭縣', '吳俊濤', '0977745715', 'OK', '78901004', NULL, 'Note here'),
(20240994, '王興雅', 'quincy12@email.com', 'fb038f65fb096838c1cd69b5486cce9f0e21996e02f2787dd1df6b702732df18', '迅捷魚', 'image01.jpg', '1990-11-30', '2024-07-01 00:00:00', NULL, 'qr_code160.jpg', '0977745716', 'line_aquincy12', 10017, '屏東縣', '王興雅', '0977745716', '全家', '89010045', NULL, 'Note here'),
(20240995, '童博奕', 'rose12@email.com', '21acf8aba212f3e66cd5056dd756fb76b5028ef003e9cb8ed2bd8787dfeb9670', '敏捷兔', 'image01.jpg', '1987-09-16', '2024-07-01 00:00:00', NULL, 'qr_code161.jpg', '0977745717', 'line_arose12', 10018, '澎湖縣', '童博奕', '0977745717', '711', '90100456', NULL, 'Note here'),
(20240996, '尤帆筱', 'steve12@email.com', '13b2846e97048500d71a6b72351d54edc941e42c72b43fad110244a0136e4655', '智勇鷹', 'image01.jpg', '1991-02-05', '2024-07-01 00:00:00', NULL, 'qr_code162.jpg', '0977745718', 'line_asteve12', 10019, '金門縣', '尤帆筱', '0977745718', '萊爾富', '01004567', NULL, 'Note here'),
(20240997, '蔡嚴義', 'tina12@email.com', 'df0f35a1f854581dcb7131afbb5d7094b082f4fd6192f368341294a2d41aa89b', '優雅鹿', 'image01.jpg', '1986-12-20', '2024-07-01 00:00:00', NULL, 'qr_code163.jpg', '0977745719', 'line_atina12', 10020, '連江縣', '蔡嚴義', '0977745719', 'OK', '10045678', NULL, 'Note here'),
(20240998, '葉城穎', 'uma12@email.com', '46538aba4b44e223f69213017aad5f6894dffb7a78fa1cde7ea80371d350106f', '智慧羊', 'image01.jpg', '1993-06-07', '2024-07-01 00:00:00', NULL, 'qr_code164.jpg', '0977745720', 'line_auma12', 10021, '台北市', '葉城穎', '0977745720', '全家', '23456789', NULL, 'Note here'),
(20240999, '許功銘', 'vince12@email.com', 'b40719631cc05459f82bb41788aee341f7bcda4bb58d4657d60d524fef9349d6', '靈巧鷹', 'image01.jpg', '1988-04-19', '2024-07-01 00:00:00', NULL, 'qr_code165.jpg', '0977745721', 'line_avince12', 10022, '新北市', '許功銘', '0977745721', '711', '34567890', NULL, 'Note here'),
(20241000, '吳元晨', 'wanda12@email.com', 'e9bd5c83d5f890bab491e1ddc17f9983f7ecc678de0d457f83c4ac1c19a366ce', '聰明魚', 'image01.jpg', '1990-01-14', '2024-07-01 00:00:00', NULL, 'qr_code166.jpg', '0977745722', 'line_awanda12', 10023, '桃園市', '吳元晨', '0977745722', '萊爾富', '45678901', NULL, 'Note here'),
(20241001, '詹海清', 'xander12@email.com', '26254f06ab6f2dda8c89fe5a42a6a790ddcb8582046cc3a9fc8c6633d185052c', '迅捷兔', 'image01.jpg', '1989-10-27', '2024-07-01 00:00:00', NULL, 'qr_code167.jpg', '0977745723', 'line_axander12', 10024, '台中市', '詹海清', '0977745723', 'OK', '56789012', NULL, 'Note here'),
(20241002, '蔡思辛', 'yara12@email.com', 'df60f092d27e794f107542c9fa0396cdec9d95a36e9642188fba7f607d6f5533', '靈活虎', 'image01.jpg', '1985-03-11', '2024-07-01 00:00:00', NULL, 'qr_code168.jpg', '0977745724', 'line_ayara12', 10025, '台南市', '蔡思辛', '0977745724', '全家', '67890100', NULL, 'Note here'),
(20241003, '陳慧揚', 'zack12@email.com', '45a5f5c40fcb4e2f998d446c5b9eb1295ae77fcf080d573f04a3f68c9af76137', '優雅狐', 'image01.jpg', '1997-08-03', '2024-07-01 00:00:00', NULL, 'qr_code169.jpg', '0977745725', 'line_azack12', 10026, '高雄市', '陳慧揚', '0977745725', '711', '78901004', NULL, 'Note here'),
(20241004, '張勳慈', 'alice2@email.com', '705164cf38ca5abcb84534584882b5f18719ba9d34bd07e710afa234d44e9196', '勇敢熊', 'image01.jpg', '1983-11-19', '2024-07-01 00:00:00', NULL, 'qr_code170.jpg', '0977745726', 'line_aalice2', 10027, '基隆市', '張勳慈', '0977745726', '萊爾富', '89010045', NULL, 'Note here'),
(20241005, '姜光瞻', 'bob2@email.com', '59a0772c22c1216d167e98cebc861a67eee8ed3745dd7ff8ac51688cb7630281', '敏捷狗', 'image01.jpg', '1986-07-22', '2024-07-01 00:00:00', NULL, 'qr_code171.jpg', '0977745727', 'line_abob2', 10028, '新竹市', '姜光瞻', '0977745727', 'OK', '90100456', NULL, 'Note here'),
(20241006, '王益碧', 'charlie2@email.com', '3a6a6a6d40a49598741f80ba98c238e6dd762105aac7c01c21a38611b754dae6', '堅強豹', 'image01.jpg', '1994-02-15', '2024-07-01 00:00:00', NULL, 'qr_code172.jpg', '0977745728', 'line_acharlie2', 10029, '嘉義市', '王益碧', '0977745728', '全家', '01004567', NULL, 'Note here'),
(20241007, '黃悟業', 'david2@email.com', '470651bce7e5e8be428616384b7462bf151401d26edeee65f4848ab64bab9f16', '靈活羊', 'image01.jpg', '1982-05-12', '2024-07-01 00:00:00', NULL, 'qr_code173.jpg', '0977745729', 'line_adavid2', 10030, '苗栗縣', '黃悟業', '0977745729', '711', '10045678', NULL, 'Note here'),
(20241008, '杜優榕', 'ella2@email.com', '71af46c4449e604fa3d467a731e50ff7a8cfc0c64aea95eddfdcebd999b675f0', '溫暖魚', 'image01.jpg', '1989-09-28', '2024-07-01 00:00:00', NULL, 'qr_code174.jpg', '0977745730', 'line_aella2', 10031, '彰化縣', '杜優榕', '0977745730', '萊爾富', '23456789', NULL, 'Note here'),
(20241009, '周採聰', 'frank2@email.com', 'c4fdb9df6a75a0cd791757492de99080bcde74f6150f58406f3c764c2102ce19', '威猛豹', 'image01.jpg', '1984-12-01', '2024-07-01 00:00:00', NULL, 'qr_code175.jpg', '0977745731', 'line_afrank2', 10032, '南投縣', '周採聰', '0977745731', 'OK', '34567890', NULL, 'Note here'),
(20241010, '童常晗', 'george2@email.com', '86a391786640b653431af1f9f154d433fcd59fe42b4b64f2a830737eb44f9327', '迅捷兔', 'image01.jpg', '1992-08-11', '2024-07-01 00:00:00', NULL, 'qr_code176.jpg', '0977745732', 'line_ageorge2', 10033, '雲林縣', '童常晗', '0977745732', '全家', '45678901', NULL, 'Note here'),
(20241011, '阮歆石', 'hannah2@email.com', '8e1d5a53144486defef5c8ccf8d98eade1e2ed01d2f9dbfff5cac3f1e953e2e7', '聰明豬', 'image01.jpg', '1988-04-05', '2024-07-01 00:00:00', NULL, 'qr_code177.jpg', '0977745733', 'line_ahannah2', 10034, '台東縣', '阮歆石', '0977745733', '711', '56789012', NULL, 'Note here'),
(20241012, '廖禎越', 'ian2@email.com', '4a8fd1b5f40bc39ba88b40de5bfa50fd0dca1484ef37703580cb6a4ff807eeea', '無畏獅', 'image01.jpg', '1996-06-13', '2024-07-01 00:00:00', NULL, 'qr_code178.jpg', '0977745734', 'line_aian2', 10035, '花蓮縣', '廖禎越', '0977745734', '萊爾富', '67890100', NULL, 'Note here'),
(20241013, '詹卿欣', 'jane2@email.com', '0811b4d20b26494e099e487b49bb68af39f8e0a9eb364a66e56f3c2f8ceebcdd', '智勇鹿', 'image01.jpg', '1981-01-24', '2024-07-01 00:00:00', NULL, 'qr_code179.jpg', '0977745735', 'line_ajane2', 10036, '宜蘭縣', '詹卿欣', '0977745735', 'OK', '78901004', NULL, 'Note here'),
(20241014, '楊利康', 'kevin2@email.com', '0c0da9963af3f12d216d641c0d5e7ab4edb1e82f86bf53a1d044c9b350898f0e', '靈巧熊', 'image01.jpg', '1987-10-09', '2024-07-01 00:00:00', NULL, 'qr_code180.jpg', '0977745736', 'line_akevin2', 10037, '屏東縣', '楊利康', '0977745736', '全家', '89010045', NULL, 'Note here'),
(20241015, '錢睿韻', 'laura2@email.com', '92afdf02f31024faad03b6925a529857fef62e8621c1d21389a9a7b0391b8199', '勇敢狐', 'image01.jpg', '1995-05-18', '2024-07-01 00:00:00', NULL, 'qr_code181.jpg', '0977745737', 'line_alaura2', 10038, '澎湖縣', '錢睿韻', '0977745737', '711', '90100456', NULL, 'Note here'),
(20241016, '謝喧熹', 'michael2@email.com', '5f9f87b7b71165d17ca2991739ab0be08769674f2f67b562ddc85472f004235d', '迅捷狗', 'image01.jpg', '1986-12-23', '2024-07-01 00:00:00', NULL, 'qr_code182.jpg', '0977745738', 'line_amichael2', 10039, '金門縣', '謝喧熹', '0977745738', '萊爾富', '01004567', NULL, 'Note here'),
(20241017, '鄒利艾', 'nancy2@email.com', '2d44326ea46d18cf834f4db43c3a39e5e6f70494ffbbccf33349d8e07e2549dc', '溫暖鷹', 'image01.jpg', '1991-09-14', '2024-07-01 00:00:00', NULL, 'qr_code183.jpg', '0977745739', 'line_anancy2', 10040, '連江縣', '鄒利艾', '0977745739', 'OK', '10045678', NULL, 'Note here'),
(20241018, '傅以研', 'oscar2@email.com', '5e6f328a05a3a59b1650f02debbd1e00d3fdd2bd32b5fae2e9b39eaff13bb7c6', '靈活豹', 'image01.jpg', '1998-03-27', '2024-07-01 00:00:00', NULL, 'qr_code184.jpg', '0977745740', 'line_aoscar2', 10041, '台北市', '傅以研', '0977745740', '全家', '23456789', NULL, 'Note here'),
(20241019, '戴湘美', 'paul2@email.com', '9880b747574af80a56f633b8a0e8c0d789f21928d42748abec59603d9cf53515', '優雅魚', 'image01.jpg', '1990-08-10', '2024-07-01 00:00:00', NULL, 'qr_code185.jpg', '0977745741', 'line_apaul2', 10042, '新北市', '戴湘美', '0977745741', '711', '34567890', NULL, 'Note here'),
(20241020, '巫添莘', 'quincy2@email.com', 'f22f7100aa20266be42e99e316daa020bc0aae3e653500a04692258458b1b10d', '無畏鹿', 'image01.jpg', '1985-04-12', '2024-07-01 00:00:00', NULL, 'qr_code186.jpg', '0977745742', 'line_aquincy2', 10043, '桃園市', '巫添莘', '0977745742', '萊爾富', '45678901', NULL, 'Note here'),
(20241021, '張彬温', 'rose2@email.com', '8fad21ced0bdcfca7c69da3267b9c452376004c44c639e803e3098317a64ea02', '智勇狗', 'image01.jpg', '1997-11-21', '2024-07-01 00:00:00', NULL, 'qr_code187.jpg', '0977745743', 'line_arose2', 10044, '台中市', '張彬温', '0977745743', 'OK', '56789012', NULL, 'Note here'),
(20241022, '翁儀昀', 'steve2@email.com', '0751cfc3d65da7f440b8f5c1df2a9c5f79e893c4b6fa8a3b79b3ed00a154f6c7', '靈巧獅', 'image01.jpg', '1984-06-04', '2024-07-01 00:00:00', NULL, 'qr_code188.jpg', '0977745744', 'line_asteve2', 10045, '台南市', '翁儀昀', '0977745744', '全家', '67890100', NULL, 'Note here'),
(20241023, '邱保裕', 'tina2@email.com', '8116b0dee91cc32f544cf9cbcf5fa7625a8609d79c8ba75f6cd92dd86ace687b', '勇敢豹', 'image01.jpg', '1993-03-09', '2024-07-01 00:00:00', NULL, 'qr_code189.jpg', '0977745745', 'line_atina2', 10046, '高雄市', '邱保裕', '0977745745', '711', '78901004', NULL, 'Note here'),
(20241024, '陳寒邦', 'uma2@email.com', '3a1f3d21393be4b8e74e39955b2c2a3512e10830bd78d30f3cb1454e0df13c3f', '敏捷羊', 'image01.jpg', '1988-01-14', '2024-07-01 00:00:00', NULL, 'qr_code190.jpg', '0977745746', 'line_auma2', 10047, '基隆市', '陳寒邦', '0977745746', '萊爾富', '89010045', NULL, 'Note here'),
(20241025, '黃家琴', 'vince2@email.com', '34464be34dd678136545b97ea5833c4740a8fc7095597e60fa16c5bb0d1ef7f1', '溫暖豬', 'image01.jpg', '1994-05-19', '2024-07-01 00:00:00', NULL, 'qr_code191.jpg', '0977745747', 'line_avince2', 10048, '新竹市', '黃家琴', '0977745747', 'OK', '90100456', NULL, 'Note here'),
(20241026, '袁又珊', 'wanda2@email.com', '82bd9486604046d9b3955a6983d924bfc1ecfd6489a0e48189e3cb653a6854a2', '無畏兔', 'image01.jpg', '1998-02-27', '2024-07-01 00:00:00', NULL, 'qr_code192.jpg', '0977745748', 'line_awanda2', 10049, '嘉義市', '袁又珊', '0977745748', '全家', '01004567', NULL, 'Note here'),
(20241027, '楊暉曄', 'xander2@email.com', '1a5a5bb8fee6cc910671bf1cfb056a0b47559ef0366d2394840b67dd43e27a8c', '迅捷魚', 'image01.jpg', '1986-08-21', '2024-07-01 00:00:00', NULL, 'qr_code193.jpg', '0977745749', 'line_axander2', 10050, '苗栗縣', '楊暉曄', '0977745749', '711', '10045678', NULL, 'Note here'),
(20241028, '余威澍', 'yara2@email.com', 'fbbba24908c567a31cc9153c3f5e3cc5d58868eaeb343ee0f5587dc63eb6f300', '智勇狐', 'image01.jpg', '1983-11-05', '2024-07-01 00:00:00', NULL, 'qr_code194.jpg', '0977745750', 'line_ayara2', 10051, '彰化縣', '余威澍', '0977745750', '萊爾富', '23456789', NULL, 'Note here'),
(20241029, '黃千珈', 'zack2@email.com', 'ec8ba3b5db49048febb723fc9528306a97ccd6c25d3410952837c149f14c197b', '勇敢豹', 'image01.jpg', '1991-07-14', '2024-07-01 00:00:00', NULL, 'qr_code195.jpg', '0977745751', 'line_azack2', 10052, '南投縣', '黃千珈', '0977745751', 'OK', '34567890', NULL, 'Note here'),
(20241030, '陳展暢', 'alice3@email.com', 'd37870230f856d2b8cc26f0e294eaa63c11432a756cd8b6f91efd0e0066ca62a', '迅捷狗', 'image01.jpg', '1988-12-30', '2024-07-01 00:00:00', NULL, 'qr_code196.jpg', '0977745752', 'line_aalice3', 10053, '雲林縣', '陳展暢', '0977745752', '全家', '45678901', NULL, 'Note here'),
(20241031, '馬孝採', 'bob3@email.com', '7d121cdb10412bb7ab33a8a572137c1446e5254c5234b56f0d6516b5337fd470', '靈巧兔', 'image01.jpg', '1992-10-18', '2024-07-01 00:00:00', NULL, 'qr_code197.jpg', '0977745753', 'line_abob3', 10054, '台東縣', '馬孝採', '0977745753', '711', '56789012', NULL, 'Note here'),
(20241032, '梁顯均', 'charlie3@email.com', 'e2e7510aaf9edb287dc970b02edf99adb0bc4e25bd1b45826c23fa290b3dbe8b', '無畏羊', 'image01.jpg', '1987-06-20', '2024-07-01 00:00:00', NULL, 'qr_code198.jpg', '0977745754', 'line_acharlie3', 10055, '花蓮縣', '梁顯均', '0977745754', '萊爾富', '67890100', NULL, 'Note here'),
(20241033, '陳勵達', 'david3@email.com', 'a91944a33b9bd73b78ff6ea6dc929b94440d9b717de11b0f9b8d224082ab7805', '智勇鹿', 'image01.jpg', '1996-01-15', '2024-07-01 00:00:00', NULL, 'qr_code199.jpg', '0977745755', 'line_adavid3', 10056, '宜蘭縣', '陳勵達', '0977745755', 'OK', '78901004', NULL, 'Note here'),
(20241034, '馮宣毓', 'ella3@email.com', '7eab57f8884cba251b53de7140317c0dcc77cd7e41b164cf49a1687816ce8eec', '溫暖熊', 'image010.jpg', '1990-09-26', '2024-07-01 00:00:00', NULL, 'qr_code1100.jpg', '0977745756', 'line_aella3', 10057, '屏東縣', '馮宣毓', '0977745756', '全家', '89010045', NULL, 'Note here'),
(20241058, '王一', 'alice1@email.com', '7dcf407fa84a0e0519c7991154c4148de0244d7589020c0d9842db9efad82094', '快樂海豚', 'image01.jpg', '1985-05-15', '2024-07-01 00:00:00', NULL, 'qr_code121.jpg', '0919945700', 'line_aalice1', 10021, '台北市', '王一', '0919945700', '全家', '23456789', NULL, 'Note here'),
(20241059, '李二', 'bob1@email.com', '8bb4c01cc43f617ccfd1d4745b19b5a6030d15b12750b39d60479ae7504a7387', '神秘貓頭鷹', 'image01.jpg', '1992-03-22', '2024-07-01 00:00:00', NULL, 'qr_code122.jpg', '0919945701', 'line_abob1', 20022, '新北市', '李二', '0919945701', '711', '34567890', NULL, 'Note here'),
(20241060, '陳三', 'charlie1@email.com', 'b2220233e90770a24fbb70547bffab2bacf447aecf6551bf9e3c8a016769cd7f', '優雅孔雀', 'image01.jpg', '1987-07-13', '2024-07-01 00:00:00', NULL, 'qr_code123.jpg', '0919945702', 'line_acharlie1', 30023, '桃園市', '陳三', '0919945702', '萊爾富', '45678901', NULL, 'Note here'),
(20241061, '張四', 'david1@email.com', '61da1bf4b810347c76923eb525e4a29d410770807cbb4f560371d7509f55b78f', '靈巧狐狸', 'image01.jpg', '1995-10-30', '2024-07-01 00:00:00', NULL, 'qr_code124.jpg', '0919945703', 'line_adavid1', 40024, '台中市', '張四', '0919945703', 'OK', '56789012', NULL, 'Note here'),
(20241062, '林五', 'eve1@email.com', '2e338461aafd52d1978df6c609b25fd094e89d454e82fd87c86f8d40e743ea2f', '勇敢獅子', 'image01.jpg', '2000-01-20', '2024-07-01 00:00:00', NULL, 'qr_code125.jpg', '0919945704', 'line_aeve1', 50025, '台南市', '林五', '0919945704', '全家', '67890123', NULL, 'Note here'),
(20241063, '黃六', 'frank1@email.com', 'bd83e5076d73480b48661c9220edc29f890e4113f7757b69683edee5c753a966', '魅惑豹', 'image01.jpg', '1988-04-25', '2024-07-01 00:00:00', NULL, 'qr_code126.jpg', '0919945705', 'line_afrank1', 60026, '高雄市', '黃六', '0919945705', '711', '78901234', NULL, 'Note here'),
(20241064, '周七', 'grace1@email.com', '7d1164dfc3783575e47abde7fea70cdbce9f77a7d75ebbf7d34b196fe2ea8ec2', '神聖箭', 'image01.jpg', '1991-09-09', '2024-07-01 00:00:00', NULL, 'qr_code127.jpg', '0919945706', 'line_agrace1', 70027, '基隆市', '周七', '0919945706', '萊爾富', '89012345', NULL, 'Note here'),
(20241065, '鄭八', 'hannah1@email.com', '46538aba4b44e223f69213017aad5f6894dffb7a78fa1cde7ea80371d350106f', '俏皮海獺', 'image01.jpg', '1983-11-27', '2024-07-01 00:00:00', NULL, 'qr_code128.jpg', '0919945707', 'line_ahannah1', 80028, '新竹市', '鄭八', '0919945707', 'OK', '90123456', NULL, 'Note here'),
(20241066, '趙九', 'isaac1@email.com', 'b40719631cc05459f82bb41788aee341f7bcda4bb58d4657d60d524fef9349d6', '驚艷紅鶴', 'image01.jpg', '1994-02-14', '2024-07-01 00:00:00', NULL, 'qr_code129.jpg', '0919945708', 'line_aisaac1', 90029, '台中市', '趙九', '0919945708', '全家', '01234567', NULL, 'Note here'),
(20241067, '劉十', 'jack1@email.com', 'e9bd5c83d5f890bab491e1ddc17f9983f7ecc678de0d457f83c4ac1c19a366ce', '獨立貓', 'image01.jpg', '1986-12-01', '2024-07-01 00:00:00', NULL, 'qr_code130.jpg', '0919945709', 'line_ajack1', 10030, '台南市', '劉十', '0919945709', '711', '12345678', NULL, 'Note here'),
(20241068, '汪品晉', 'kate1@email.com', '26254f06ab6f2dda8c89fe5a42a6a790ddcb8582046cc3a9fc8c6633d185052c', '強壯水牛', 'image01.jpg', '1990-06-16', '2024-07-01 00:00:00', NULL, 'qr_code131.jpg', '0919945710', 'line_akate1', 20031, '高雄市', '汪品晉', '0919945710', '萊爾富', '23456789', NULL, 'Note here'),
(20241069, '盧坤理', 'linda1@email.com', 'df60f092d27e794f107542c9fa0396cdec9d95a36e9642188fba7f607d6f5533', '靜謐天鵝', 'image01.jpg', '1989-08-08', '2024-07-01 00:00:00', NULL, 'qr_code132.jpg', '0919945711', 'line_alinda1', 30032, '台北市', '盧坤理', '0919945711', 'OK', '34567890', NULL, 'Note here'),
(20241070, '洪修琦', 'mike1@email.com', '45a5f5c40fcb4e2f998d446c5b9eb1295ae77fcf080d573f04a3f68c9af76137', '火焰劍', 'image01.jpg', '1997-04-01', '2024-07-01 00:00:00', NULL, 'qr_code133.jpg', '0919945712', 'line_amike1', 40033, '新北市', '洪修琦', '0919945712', '全家', '45678901', NULL, 'Note here'),
(20241071, '張安瑄', 'nancy1@email.com', '8fe8d13022752e11aa2fee544f3353fdc2cfda0b7130283a24c4d6699b6870cd', '雷電盾', 'image01.jpg', '1982-10-15', '2024-07-01 00:00:00', NULL, 'qr_code134.jpg', '0919945713', 'line_anancy1', 50034, '桃園市', '張安瑄', '0919945713', '711', '56789012', NULL, 'Note here');
INSERT INTO `userinfo` (`user_id`, `user_name`, `email`, `password`, `nick_name`, `user_img`, `birthday`, `create_day`, `last_date`, `qr_img`, `mobile`, `line_id`, `postal_code`, `address`, `recipient`, `contact_number`, `store_firm`, `store_id`, `history_id`, `note`) VALUES
(20241072, '林嬋美', 'oliver1@email.com', '073598265fc480bf2312373e87bdab981fde31baf7dac0fcb368e130adfabccc', '黑暗匕首', 'image01.jpg', '1993-03-18', '2024-07-01 00:00:00', NULL, 'qr_code135.jpg', '0919945714', 'line_aoliver1', 60035, '台中市', '林嬋美', '0919945714', '萊爾富', '67890123', NULL, 'Note here'),
(20241073, '劉敬景', 'peter1@email.com', '9880b747574af80a56f633b8a0e8c0d789f21928d42748abec59603d9cf53515', '魔法鎧', 'image01.jpg', '1984-07-07', '2024-07-01 00:00:00', NULL, 'qr_code136.jpg', '0919945715', 'line_apeter1', 70036, '台南市', '劉敬景', '0919945715', 'OK', '78901234', NULL, 'Note here'),
(20241074, '鄧凡瑋', 'quincy1@email.com', 'f22f7100aa20266be42e99e316daa020bc0aae3e653500a04692258458b1b10d', '冰霜矛', 'image01.jpg', '1998-12-24', '2024-07-01 00:00:00', NULL, 'qr_code137.jpg', '0919945716', 'line_aquincy1', 80037, '高雄市', '鄧凡瑋', '0919945716', '全家', '89012345', NULL, 'Note here'),
(20241075, '范任良', 'rachel1@email.com', '8fad21ced0bdcfca7c69da3267b9c452376004c44c639e803e3098317a64ea02', '狂野鎚', 'image01.jpg', '1981-05-03', '2024-07-01 00:00:00', NULL, 'qr_code138.jpg', '0919945717', 'line_arachel1', 90038, '基隆市', '范任良', '0919945717', '711', '90123456', NULL, 'Note here'),
(20241076, '廖孝安', 'sam1@email.com', '0751cfc3d65da7f440b8f5c1df2a9c5f79e893c4b6fa8a3b79b3ed00a154f6c7', '迅捷弓', 'image01.jpg', '1996-08-29', '2024-07-01 00:00:00', NULL, 'qr_code139.jpg', '0919945718', 'line_asam1', 10039, '新竹市', '廖孝安', '0919945718', '萊爾富', '01234567', NULL, 'Note here'),
(20241077, '林瑤黛', 'tina1@email.com', '8116b0dee91cc32f544cf9cbcf5fa7625a8609d79c8ba75f6cd92dd86ace687b', '閃電矛', 'image01.jpg', '1999-01-11', '2024-07-01 00:00:00', NULL, 'qr_code140.jpg', '0919945719', 'line_atina1', 20040, '台北市', '林瑤黛', '0919945719', 'OK', '12345678', NULL, 'Note here'),
(20241078, '江恆恩', 'ursula1@email.com', '3a1f3d21393be4b8e74e39955b2c2a3512e10830bd78d30f3cb1454e0df13c3f', '烈焰弓', 'image01.jpg', '1992-04-21', '2024-07-01 00:00:00', NULL, 'qr_code141.jpg', '0919945720', 'line_aursula1', 30041, '新北市', '江恆恩', '0919945720', '全家', '23456789', NULL, 'Note here'),
(20241079, '程均棟', 'victor1@email.com', '34464be34dd678136545b97ea5833c4740a8fc7095597e60fa16c5bb0d1ef7f1', '暗影盾', 'image01.jpg', '1988-12-30', '2024-07-01 00:00:00', NULL, 'qr_code142.jpg', '0919945721', 'line_avictor1', 40042, '桃園市', '程均棟', '0919945721', '711', '34567890', NULL, 'Note here'),
(20241080, '賴容文', 'wendy1@email.com', '82bd9486604046d9b3955a6983d924bfc1ecfd6489a0e48189e3cb653a6854a2', '光明劍', 'image01.jpg', '1984-09-17', '2024-07-01 00:00:00', NULL, 'qr_code143.jpg', '0919945722', 'line_awendy1', 50043, '台中市', '賴容文', '0919945722', '萊爾富', '23456789', NULL, 'Note here'),
(20241081, '噴火龍', 'test@email.com', '12341234', '噴火龍', 'image01.jpg', NULL, '2024-07-17 08:54:50', NULL, NULL, NULL, NULL, NULL, NULL, NULL, NULL, NULL, NULL, NULL, NULL),
(20241082, '水箭龜', 'test1@email.com', '$2y$12$QjSH496pcT5CEbzjD/vtVeH03tfHKFy36d4J0Ltp3lRtee9HDxY3K', 'X進化水箭龜', 'image01.jpg', NULL, '2024-07-17 09:38:35', NULL, NULL, NULL, NULL, NULL, NULL, NULL, NULL, NULL, NULL, NULL, NULL),
(20241083, '阿嘟嘟', '123qwertt@mail.com', '$2y$10$VdDD5gG8/YhOVyFde/gICeRQ7H870h46ELekpRE1NXRAfBvH9Huki', '阿布嘟嘟', 'image01.jpg', '2024-07-16', '2024-07-18 15:26:19', NULL, NULL, '0917878787', NULL, NULL, '13246', NULL, NULL, NULL, NULL, NULL, NULL),
(20241084, '法蘭', 'PlayUncle1925@gmail.com', '$2y$10$VdDD5gG8/YhOVyFde/gICeRQ7H870h46ELekpRE1NXRAfBvH9Huki', '夜光閃亮亮復仇鬼', 'image01.jpg', '2024-07-01', '2024-07-18 21:58:10', NULL, NULL, '0917765847', NULL, NULL, '新北市', NULL, NULL, NULL, NULL, NULL, NULL);

--
-- 已傾印資料表的索引
--

--
-- 資料表索引 `actbook`
--
ALTER TABLE `actbook`
  ADD PRIMARY KEY (`act_book_id`),
  ADD KEY `act_id` (`act_id`),
  ADD KEY `user_id` (`user_id`);

--
-- 資料表索引 `actlist`
--
ALTER TABLE `actlist`
  ADD PRIMARY KEY (`act_id`),
  ADD KEY `actlist_user_id` (`user_id`);

--
-- 資料表索引 `admin_list`
--
ALTER TABLE `admin_list`
  ADD PRIMARY KEY (`admin_id`);

--
-- 資料表索引 `cartitem`
--
ALTER TABLE `cartitem`
  ADD PRIMARY KEY (`cart_item_id`),
  ADD KEY `cartitem_to_prod_id` (`prod_id`),
  ADD KEY `cartitem_to_cart_id` (`cart_id`);

--
-- 資料表索引 `cartlist`
--
ALTER TABLE `cartlist`
  ADD PRIMARY KEY (`cart_id`),
  ADD KEY `cartlist_to_user_id` (`user_id`);

--
-- 資料表索引 `larplist`
--
ALTER TABLE `larplist`
  ADD PRIMARY KEY (`larp_id`);

--
-- 資料表索引 `orderitem`
--
ALTER TABLE `orderitem`
  ADD PRIMARY KEY (`ord_detail_id`),
  ADD KEY `orderitem_to_prod_id` (`prod_id`),
  ADD KEY `orderitem_to_ord_id` (`ord_id`);

--
-- 資料表索引 `orderlist`
--
ALTER TABLE `orderlist`
  ADD PRIMARY KEY (`ord_id`);

--
-- 資料表索引 `order_history`
--
ALTER TABLE `order_history`
  ADD PRIMARY KEY (`history_id`),
  ADD KEY `user_id` (`user_id`),
  ADD KEY `ord_id` (`ord_id`);

--
-- 資料表索引 `prodlist`
--
ALTER TABLE `prodlist`
  ADD PRIMARY KEY (`prod_id`);

--
-- 資料表索引 `prodtag`
--
ALTER TABLE `prodtag`
  ADD PRIMARY KEY (`prod_tag_id`),
  ADD KEY `prodtag_to_prod_id` (`prod_id`),
  ADD KEY `prodtag_to_tag_id` (`tag_id`);

--
-- 資料表索引 `taglist`
--
ALTER TABLE `taglist`
  ADD PRIMARY KEY (`tag_id`);

--
-- 在傾印的資料表使用自動遞增(AUTO_INCREMENT)
--

--
-- 使用資料表自動遞增(AUTO_INCREMENT) `actbook`
--
ALTER TABLE `actbook`
  MODIFY `act_book_id` int NOT NULL AUTO_INCREMENT, AUTO_INCREMENT=31;

--
-- 使用資料表自動遞增(AUTO_INCREMENT) `actlist`
--
ALTER TABLE `actlist`
  MODIFY `act_id` int NOT NULL AUTO_INCREMENT, AUTO_INCREMENT=48;

--
-- 使用資料表自動遞增(AUTO_INCREMENT) `admin_list`
--
ALTER TABLE `admin_list`
  MODIFY `admin_id` int NOT NULL AUTO_INCREMENT, AUTO_INCREMENT=2;

--
-- 使用資料表自動遞增(AUTO_INCREMENT) `larplist`
--
ALTER TABLE `larplist`
  MODIFY `larp_id` int NOT NULL AUTO_INCREMENT, AUTO_INCREMENT=37;

--
-- 使用資料表自動遞增(AUTO_INCREMENT) `order_history`
--
ALTER TABLE `order_history`
  MODIFY `history_id` int NOT NULL AUTO_INCREMENT, AUTO_INCREMENT=11;

--
-- 使用資料表自動遞增(AUTO_INCREMENT) `prodtag`
--
ALTER TABLE `prodtag`
  MODIFY `prod_tag_id` int NOT NULL AUTO_INCREMENT, AUTO_INCREMENT=18;

--
-- 已傾印資料表的限制式
--

--
-- 資料表的限制式 `actbook`
--
ALTER TABLE `actbook`
  ADD CONSTRAINT `actbook_ibfk_2` FOREIGN KEY (`act_id`) REFERENCES `actlist` (`act_id`) ON DELETE RESTRICT ON UPDATE RESTRICT;

--
-- 資料表的限制式 `order_history`
--
ALTER TABLE `order_history`
  ADD CONSTRAINT `order_history_ibfk_2` FOREIGN KEY (`ord_id`) REFERENCES `orderlist` (`ord_id`);
COMMIT;

/*!40101 SET CHARACTER_SET_CLIENT=@OLD_CHARACTER_SET_CLIENT */;
/*!40101 SET CHARACTER_SET_RESULTS=@OLD_CHARACTER_SET_RESULTS */;
/*!40101 SET COLLATION_CONNECTION=@OLD_COLLATION_CONNECTION */;
